Project Name,Department,Project ID,Legacy OCMS Code,PMGID,State,Date of Approval,Date of Start,Original/Target DOC,Revised DOC,Original Cost,Revised Cost,Cumulative Expenditure,Physical Progress (%)
Construction of Aviation Fuel farm Facilities at Bhogapuram Airport,Ministry of Petroleum & Natural Gas,616235,,,Andhra Pradesh,08/2024,08/2024,03/2026,03/2026,240,240,49.57,70
"Construction of LPG Facilities at Kamardanga, Assam",Hindustan Petroleum Corporation Limited,709754,,,Assam,03/2023,03/2023,07/2027,07/2027,156.36,156.36,58.27,48
"Setting up of new rail fed POL facility at Kamardanga, Assam",Hindustan Petroleum Corporation Limited [HPCL],709755,,,Assam,03/2023,03/2023,07/2027,07/2027,384.04,384.04,129.97,55
"Setting up a common user Petroleum Terminal at Jammu, J&K for resitement of existing PSU OMC's Depots from Jammu City",Bharat Petroleum Corporation Limited [BPCL],400235,,,Jammu and Kashmir,04/2023,04/2023,03/2025,01/2026,676.89,715.89,535.94,82
"Andheri Residential Towers, Mumbai",Ministry of Petroleum & Natural Gas,604833,,,Maharashtra,NA,06/2017,05/2025,06/2026,281.35,389.67,234.6,50
Srikakulam Angul Gas Pipeline Project,Ministry of Petroleum & Natural Gas,701343,,,"Multi-States (Andhra Pradesh, Odisha)",09/2019,09/2019,07/2022,12/2025,2658.34,2810,2272.98,95
Rajasthan Refinery Project,MinistryofPetroleumNaturalGas,701263,,,"Multi-States (Arunachal Pradesh, Gujarat, Rajasthan)",10/2017,10/2017,10/2022,03/2026,43129,79459,60545.24,88
Paradip-Numaligarh Crude Oil Pipeline [PNCPL] & Crude Oil Import Terminal [COIT] at Paradip,Ministry of Petroleum & Natural Gas,701349,,,"Multi-States (Assam, Bihar, Jharkhand, Odisha, West Bengal)",NA,01/2019,07/2024,10/2025,10228,11407,9811.29,87
New Mundra Panipat Crude Oil Pipeline,Ministry of Petroleum & Natural Gas,400078,,,"Multi-States (Gujarat, Haryana, Rajasthan)",NA,12/2021,12/2024,12/2025,9028,9028,7186.98,85
Kandla Gorakhpur LPG Pipeline,Ministry of Petroleum & Natural Gas,400012,,,"Multi-States (Gujarat, Madhya Pradesh, Uttar Pradesh)",NA,12/2018,12/2021,12/2025,10088,10088,7979.86,93
Multi Product Pipeline from Irugur to Devangonthi,"Department of Water Resources, River Development & GR",400301,,,"Multi-States (Karnataka, Tamil Nadu)",11/2012,11/2012,02/2017,09/2026,678,1732,767.09,71
"Petrochemical evacuation marketing terminal at Barmer, Rajasthan",Hindustan Petroleum Corporation Limited [HPCL],709759,,,Rajasthan,12/2023,12/2023,12/2026,12/2026,461.05,461.05,127.84,60
Laying of POL Pipelines in Common Corridor for proposed grass root terminal at Vallur [Chennai],Ministry of Petroleum & Natural Gas,400043,,,Tamil Nadu,NA,01/2022,05/2026,05/2026,829,829,320.63,66
"Grass root POL Terminal at Vallur, Chennai",Indian Oil Corporation Limited [IOCL],400077,,,Tamil Nadu,NA,01/2022,12/2024,03/2026,827,887.71,633.42,88
"Grass Root Rail-fed Depot at Sekerkote, Agartala as resitement of existing Dharmanagar Depot",Indian Oil Corporation Limited [IOCL],400035,,,Tripura,NA,06/2022,09/2025,06/2026,656,656,483.9,88
"Grass-root Terminal at Mirzapur, Uttar Pradesh",Ministry of Petroleum & Natural Gas,604852,,,Uttar Pradesh,NA,09/2022,11/2026,11/2026,980.45,980.45,220.97,53
