edition,project name,agency,project code,state,doa,original/target doc,revised doc,original cost,revised cost,cumulative expenditure,physical progress
2022-03,KAKRAPAR ATOMIC POWER PROJECT - 3 AND 4,NPCIL,N02000010,GUJARAT,10/2009,12/2015,-,"11,459.00","19,220.00","17,981.00",63/70
2022-03,RAJASTHAN ATOMIC POWER PROJECT -7 AND 8 (2X700 MW),NPCIL,N02000027,RAJASTHAN,10/2009,12/2016,-,"12,320.00","17,079.00","14,396.00",55/68
2022-03,PROTOTYPE FAST BREEDER REACTOR (BHAVINI 500 MWE),BHAVNI,020100044,TAMIL NADU,09/2003,09/2010,10/2022,"3,492.00","6,840.00","6,365.22",83/87
2022-03,KUDANKULAM NUCLEAR POWER PROJECT UNIT-3 and 4,NPCIL,N02000028,TAMIL NADU,03/2013,11/2020,-,"39,849.00",-,"30,776.00",30/76
2022-03,KUDANKULAM NUCLEAR POWER PROJECT 5 AND 6,NPCIL,N02000029,TAMIL NADU,06/2017,09/2027,-,"49,621.00",-,"5,541.00",16/80
2022-03,CONSTRUCTION OF NEW INTEGRATED TERMINAL BUILDING AT VSI AIRPORT PORTBLAIR,AAI,N04000073,A & N ISLANDS,10/2013,09/2018,10/2022,417.23,-,532.43,0/6
2022-03,EXT AND STR. OF EXISTING RUNWAY 08/26 AT TIRUPATI AIRPORT,AAI,N04000089,ANDHRA PRADESH,08/2017,02/2020,12/2022,177.10,-,120.80,1/4
2022-03,C/O OF NITB AND ASSOCIATED WORK AT VIJAYAWADA AIRPORT,AAI,N04000091,ANDHRA PRADESH,04/2020,03/2023,03/2023,611.80,-,100.51,5/14
2022-03,CONSTRUCTION OF NEW GREEN FIELD AIRPORT AT HOLLONGI ITANAGAR ARUNACHAL PRADESH,AAI,N04000092,ARUNACHAL PRADESH,02/2019,08/2022,10/2023,645.63,-,333.82,0/3
2022-03,CONSTRUCTION OF NEW INTEGRATED TERMINAL BUILDING AT LGBI AIRPORT GUWAHATI,AAI,N04000083,ASSAM,12/2016,03/2021,03/2025,"1,142.00",-,391.13,0/1
2022-03,CONSTRUCTION OF NEW DORNESTIC TERMINAL BUILDING AND OTHER STRUCTURES PHASE I AND II,AAI,N04000082,BIHAR,05/2018,10/2022,03/2024,"1,216.90",-,299.25,0/3
2022-03,EXTENSION OF EXISTING INTEGRATED TERMINAL BUILDING & ALLIED WORKS AT GOA AIRPORT.,AAI,N04000095,GOA,11/2017,09/2021,-,255.69,-,20.51,0/0
2022-03,C/O NEW GREENFIELD AIRPORT AT HISSAR RAJKOT GUJARAT,AAI,N04000088,GUJARAT,01/2018,08/2022,08/2023,"1,405.00",-,485.45,1/15
2022-03,EXTENSION OF TERMINAL BUILDING PTT APRON AND CAR PARK AT SURAT AIRPORT.,AAI,N04000093,GUJARAT,08/2018,02/2021,-,353.25,-,.00,0/0
2022-03,CONSTRUCTION OF TERMINAL BUILDING AND ASSOCIATED WORKS AT LEH AIRPORT,AAI,N04000078,LADAKH,07/2018,09/2021,12/2023,346.27,-,152.06,2/4
2022-03,UPGRADATION OF JABALPUR AIRPORT,AAI,N04000087,MADHYA PRADESH,06/2016,06/2021,03/2023,412.24,-,268.55,0/1
2022-03,CONSTRUCTION OF NEW INTEGRATED TERMINAL BUILDING RECONSTRUCTION OF OLD TERMINAL BUILDING MODIFICAT,AAI,N04000079,MAHARASHTRA,03/2017,04/2021,08/2023,475.39,-,215.03,3/10
2022-03,EXTENSION OF RUNWAY WITH BLAST PAD RESA TAXIWAY APRON GSE AREA ISOLATION BAY NEW DOMESTIC TERM,AAI,N04000096,MAHARASHTRA,06/2017,12/2020,-,255.68,-,172.25,0/0
2022-03,MODERNIZATION OF CHENNAI AIRPORT PHASE II CHENNAI,AAI,N04000074,TAMIL NADU,06/2018,02/2022,12/2024,"2,467.00",-,909.72,0/12
2022-03,UPGRADATION OF PASSENGER TERMINAL BUILDING AND AIRSIDE FACILITIES AT TIRUCHIRAPALLI INTERNATIONAL AI,AAI,N04000075,TAMIL NADU,08/2018,10/2021,04/2023,951.28,-,572.58,3/14
2022-03,DEVELOPMENT OF TUTICORIN AIRPORT,AAI,N04000090,TAMIL NADU,06/2019,03/2022,03/2024,380.87,-,21.99,4/19
2022-03,CO CIVIL AVIATION REASEARCH ORG. (PH-II) AT BEGUMPET AIRPORT HYDRABAD,AAI,N04000086,TELANGANA,05/2020,05/2022,12/2023,353.61,-,125.84,2/4
2022-03,FLAS CONSTRUCTION OF NEW INTEGRATED TERMINAL BUILDING AND ASSOCIATED WORKS AT AGARTALA AIRPORT,AAI,N04000084,TRIPURA,H,P,06/2019,438.28,-,E,T
2022-03,CCS INTERNATIONAL AIRPORT LUCKNOW,AAI,N04000077,UTTAR PRADESH,06/2018,09/2021,-,"1,383.00",-,579.75,0/2
2022-03,DEVELOPMENT OF AYODHYA AIRPORT PHASE-01,AAI,N04000094,UTTAR PRADESH,03/2021,12/2022,-,242.14,-,6.64,0/2
2022-03,CONSTRUCTION OF DOMESTIC PASSENGER TERMINAL BUILDING AT DEHRADUN AIRPORT DEHRADUN,AAI,N04000085,UTTARAKHAND,07/2018,09/2020,12/2022,456.86,-,350.67,1/1
2022-03,CONSTRUCTION OF ATC TOWER AND TECHNICAL BLOCK AT NSCBI AIRPORT KOLKATA,AAI,N04000080,WEST BENGAL,01/2016,03/2020,03/2024,458.00,-,177.79,0/2
2022-03,AIRSIDE CAPACITY ENHANCEMENT OF NSBI AIRPORT KOLKATA,AAI,N04000081,WEST BENGAL,01/2019,11/2021,04/2023,389.71,-,275.26,0/2
2022-03,GEVRA EXPANSION OCP (SECL) (35-70) MTY,SECL,060100093,CHHATISGARH,06/2010,03/2023,-,"11,816.40",-,"4,808.39",15/21
2022-03,KUSMUNDA EXPN.OCP(SECL)(15-50)MTY,SECL,N06000008,CHHATISGARH,08/2013,03/2023,-,"7,612.33",-,"3,433.77",13/22
2022-03,PELMA OCP(15.00MTY),SECL,N06000045,CHHATISGARH,11/2014,03/2023,-,"1,624.59",-,10.32,1/12
2022-03,KARTALI (EAST) OCP (2.50 MTY),SECL,N06000076,CHHATISGARH,07/2008,03/2014,-,178.44,-,9.23,3/9
2022-03,MANIKPUR OC EXPANSION (3.5 MTY),SECL,N06000081,CHHATISGARH,12/2009,03/2014,-,321.50,-,225.36,5/6
2022-03,CHHAL OC SEAM -III (6.00 MTY),SECL,N06000104,CHHATISGARH,12/2013,03/2022,-,610.63,-,186.23,4/11
2022-03,AMERA OC RCE,SECL,N06000123,CHHATISGARH,02/2015,03/2018,-,335.97,-,48.37,1/7
2022-03,AMGAON OPENCAST PROJECT RCE,SECL,N06000135,CHHATISGARH,07/2015,03/2020,-,316.10,-,153.47,3/6
2022-03,DURGAPUR OPENCAST PROJECT,SECL,N06000136,CHHATISGARH,02/2015,03/2023,-,916.24,-,13.09,2/12
2022-03,MADANNAGAR OPENCAST PROJECT,SECL,N06000140,CHHATISGARH,10/2015,03/2024,-,"1,875.32",-,.00,2/6
2022-03,VIJAY WEST OPENCAST PROJECT,SECL,N06000158,CHHATISGARH,05/2017,03/2026,-,976.95,-,86.57,2/2
2022-03,MAHAMAYA OPENCAST PROJECT,SECL,N06000164,CHHATISGARH,05/2018,03/2026,-,410.26,-,71.30,2/4
2022-03,JHIRIA WEST OPENCAST PROJECT,SECL,N06000166,CHHATISGARH,11/2018,03/2026,-,389.97,-,3.02,3/5
2022-03,BAROUD OC EXPANSION (3-10 MTY),SECL,N06000197,CHHATISGARH,08/2020,03/2029,-,"2,309.80",-,369.74,0/0
2022-03,JAMPALI OCP RCE,SECL,N06000198,CHHATISGARH,05/2020,03/2024,-,278.64,-,191.52,0/0
2022-03,PORDA CHIMTAPANI OCP (10 MTY),SECL,N06000199,CHHATISGARH,12/2020,03/2029,-,"2,310.12",-,.00,0/0
2022-03,FLAS DIPKA OC EXPANSION 40 MTY,SECL,N06000200,CHHATISGARH,H,P,03/2029,"5,241.40",-,E,T
2022-03,JAGANNATHPUR OC RCE (3.0 MTY),SECL,N06000232,CHHATISGARH,07/2016,03/2020,-,459.49,-,202.22,0/0
2022-03,CHURI BENTI UG (0.81 MTY),CCL,N06000083,JHARKHAND,08/2007,03/2011,-,163.51,-,124.86,7/7
2022-03,RAJRAPPA RCE OCP ( 3.0 MTY),CCL,N06000087,JHARKHAND,12/2009,03/2016,-,510.85,-,502.85,7/7
2022-03,KARMA OCP (1.0MTY),CCL,N06000088,JHARKHAND,06/2009,03/2014,-,162.46,-,98.69,7/7
2022-03,MURAIDIH UG TURN-KEY PROJECT,BCCL,N06000096,JHARKHAND,02/2011,04/2014,-,339.88,-,123.70,4/7
2022-03,MOONIDIH XV SEAM UG,BCCL,N06000098,JHARKHAND,08/2011,03/2019,-,"1,230.27",-,517.07,2/6
2022-03,NORTH TISRA AND SOUTH TISRA EXPANSION OCP (6MTY),BCCL,N06000106,JHARKHAND,02/2014,03/2021,-,555.52,-,18.05,0/2
2022-03,MADHUBAND NLW WASHERY,BCCL,N06000126,JHARKHAND,08/2010,05/2014,-,289.45,-,288.42,0/8
2022-03,HURA - C OC (3 MTY),ECL,N06000143,JHARKHAND,10/2015,03/2022,-,359.69,-,261.57,4/22
2022-03,CHITRA EAST (RCE) OCP,ECL,N06000169,JHARKHAND,08/2018,03/2024,-,513.98,-,165.05,0/17
2022-03,TETARIAKHAR EXPANSION OCP,CCL,N06000186,JHARKHAND,11/2019,03/2023,-,243.52,-,43.02,1/1
2022-03,PACHWARA SOUTH COAL BLOCK,NLC,N06000193,JHARKHAND,07/2013,09/2028,-,"1,795.01",-,39.37,5/11
2022-03,PATHERDIH 2.5 NLW COAL WASHERY,BCCL,N06000194,JHARKHAND,10/2015,04/2018,-,243.00,-,34.48,0/0
2022-03,REVISED PROJECT REPORT MAGADH EXPANSION OCP,CCL,N06000216,JHARKHAND,08/2020,03/2028,-,"7,254.37",-,884.20,0/0
2022-03,EXPANSION PROJECT AMRAPALI OCP,CCL,N06000217,JHARKHAND,08/2020,03/2028,-,"5,136.15",-,407.53,0/0
2022-03,UCE OF EPR OF NORTH URIMARI OCP,CCL,N06000218,JHARKHAND,07/2021,03/2026,-,778.80,-,442.05,0/0
2022-03,KOTRE BASANTPUR PACHMO OCP,CCL,N06000237,JHARKHAND,08/2020,03/2032,-,861.06,-,10.33,0/0
2022-03,CHANDRAGUPT OCP,CCL,N06000238,JHARKHAND,08/2020,03/2032,-,973.50,-,.00,0/0
2022-03,SIRKA OCP,CCL,N06000239,JHARKHAND,05/2020,03/2025,-,222.82,-,.00,0/0
2022-03,JHARKHAND LAIYO OCP,CCL,N06000240,JHARKHAND,08/2020,03/2031,-,764.57,-,.00,0/0
2022-03,EPR TAPIN SOUTH OCP,CCL,N06000241,JHARKHAND,11/2020,03/2025,-,230.41,-,.00,0/0
2022-03,EPR PUNDI OCP,CCL,N06000242,JHARKHAND,11/2020,03/2024,-,713.35,-,.00,0/0
2022-03,EPR ROHINI KARKATA OCP,CCL,N06000243,JHARKHAND,01/2021,03/2025,-,"1,020.42",-,.00,0/0
2022-03,EXPANSION OF KONAR OCP,CCL,N06000245,JHARKHAND,01/2022,03/2032,-,799.34,-,.00,0/0
2022-03,EXPANSION OF KARO OCP,CCL,N06000246,JHARKHAND,01/2022,03/2026,-,908.47,-,.00,0/0
2022-03,FLAS EXPANSION OF ASHOK OCP,CCL,N06000247,JHARKHAND,H,P,03/2026,"2,898.28",-,E,T
2022-03,AMRITDHARA OC PROJECT,SECL,N06000122,MADHYA PRADESH,02/2015,03/2023,-,481.60,-,.00,3/10
2022-03,RAJNAGAR OCP RPR (1.70 MTY),SECL,N06000124,MADHYA PRADESH,12/2014,03/2021,-,357.80,-,86.61,4/10
2022-03,KANCHAN OC EXPANSION,SECL,N06000125,MADHYA PRADESH,12/2014,03/2021,-,371.04,-,80.51,5/9
2022-03,BATURA HIGHWALL PROJECT,SECL,N06000134,MADHYA PRADESH,07/2015,03/2022,-,231.92,-,2.56,1/10
2022-03,AMADAND OPENCAST EXPANSION PROJECT,SECL,N06000148,MADHYA PRADESH,03/2016,03/2021,-,869.44,-,143.70,4/6
2022-03,JAYANT EXPANSION OCP 10 TO 20 MTPA,NCL,N06000159,MADHYA PRADESH,05/2017,03/2021,-,"1,783.09",-,"1,059.12",4/9
2022-03,DUDHICHUA EXPANSION OCP (10 TO 20 MTPA),NCL,N06000162,MADHYA PRADESH,11/2017,03/2022,-,"1,255.17",-,695.71,5/9
2022-03,VISHNUPURI UG TO OC MINE,WCL,N06000178,MADHYA PRADESH,07/2018,03/2025,-,195.57,-,2.94,0/7
2022-03,GANDHIGRAM UG MINE,WCL,N06000183,MADHYA PRADESH,08/2019,03/2026,-,414.16,-,2.65,2/7
2022-03,BLOCK-B EXPANSION OPENCAST PROJECT,NCL,N06000184,MADHYA PRADESH,07/2019,03/2023,-,998.71,-,3.53,1/7
2022-03,NIGAHI EXPANSION OCP (15 TO 25 MTPA),NCL,N06000196,MADHYA PRADESH,11/2020,03/2025,-,"1,729.68",-,.00,0/8
2022-03,BATURA WEST OC PROJECT (0.80 MTY),SECL,N06000207,MADHYA PRADESH,03/2021,03/2028,-,496.28,-,.00,0/0
2022-03,DHANKASA UG (RECAST) (1 MTY),WCL,N06000224,MADHYA PRADESH,02/2020,03/2025,-,289.30,-,40.18,0/5
2022-03,RPR FOR JAMUNIA UG,WCL,N06000228,MADHYA PRADESH,08/2020,03/2026,-,281.25,-,23.52,0/4
2022-03,RAMPUR BATURA OC (4.0 MTY),SECL,N06000233,MADHYA PRADESH,07/2019,03/2026,-,"1,248.93",-,263.27,0/0
2022-03,NEW MAJRI UG TO OC,WCL,N06000128,MAHARASHTRA,05/2015,03/2019,-,295.56,299.67,213.93,12/13
2022-03,AMALGAMATED YEKONA-I YEKONA-II,WCL,N06000132,MAHARASHTRA,08/2015,03/2025,-,727.28,745.83,458.31,9/13
2022-03,UKNI DEEP OC,WCL,N06000179,MAHARASHTRA,11/2018,03/2021,-,318.14,-,220.05,1/4
2022-03,BELLORA-NAIGAON DEEP OC,WCL,N06000180,MAHARASHTRA,11/2018,03/2021,09/2022,252.71,-,107.27,0/3
2022-03,GHONSA EXPANSION DEEP OC,WCL,N06000205,MAHARASHTRA,03/2021,03/2028,-,241.72,-,57.00,0/7
2022-03,SASTI EXPANSION OC,WCL,N06000206,MAHARASHTRA,08/2020,03/2026,-,371.59,-,52.55,1/7
2022-03,DHUPTALA OC(SASTI UG TO OC),WCL,N06000209,MAHARASHTRA,02/2019,03/2028,-,720.87,-,108.38,0/6
2022-03,ADASA UG TO OC (1.50 MTY),WCL,N06000219,MAHARASHTRA,11/2018,03/2024,-,333.43,-,158.85,0/4
2022-03,BHANEGAON OC (1MTY),WCL,N06000221,MAHARASHTRA,02/2017,03/2023,-,409.68,-,87.35,0/1
2022-03,FLAS DINESH (MAKARDHOKDA-III) OC (8.0 MTY),WCL,N06000222,MAHARASHTRA,H,P,03/2027,"1,184.33",-,E,T
2022-03,AMALGAMATED INDER-KAMPTEE DEEP OC (3.20 MTY),WCL,N06000226,MAHARASHTRA,09/2018,03/2024,-,313.34,-,159.87,0/1
2022-03,MUNGOLI NIRGUDA EXTENSION (DEEP) OC,WCL,N06000231,MAHARASHTRA,11/2020,03/2026,-,826.80,-,304.37,0/4
2022-03,BHATADI EXPASION OC (0.975 MTY),WCL,N06000234,MAHARASHTRA,02/2016,03/2019,-,327.41,-,162.30,0/1
2022-03,GAURI PAUNI EXPANSION OC,WCL,N06000235,MAHARASHTRA,08/2020,03/2029,-,337.38,-,48.04,0/7
2022-03,NILJAI EXPANSION (DEEP) OC (3.5 MTY),WCL,N06000154,MULTI STATE,08/2016,03/2022,-,319.76,319.76,252.90,0/3
2022-03,DURGAPUR EXTENSION (DEEP) OC (3.0 MTY),WCL,N06000157,MULTI STATE,02/2017,03/2021,-,328.00,-,298.48,5/6
2022-03,BINA KAKRI AMALGAMATION OCP 14 MTPA,NCL,N06000192,MULTI STATE,08/2020,03/2024,-,836.42,-,70.07,0/6
2022-03,HINGULA OC-II EXP. PH-III (15 MTY),MCL,N06000068,ODISHA,11/2008,03/2013,-,479.53,-,824.07,6/9
2022-03,BASUNDHARA (WEST) OC EXTN(7.00 MTY),MCL,N06000112,ODISHA,05/2014,03/2019,-,479.15,-,259.21,3/9
2022-03,SIARMAL OCP (40.00MTY),MCL,N06000113,ODISHA,05/2014,03/2026,-,"3,756.36",-,"2,702.44",9/15
2022-03,GARJANBAHAL OCP,MCL,N06000117,ODISHA,11/2014,03/2021,-,"1,375.38",-,722.64,9/10
2022-03,INTEGRATED LAKHANPUR-BELPAHAR-LILARI OCP,MCL,N06000167,ODISHA,05/2018,03/2027,-,"2,434.75",-,934.75,4/12
2022-03,REORGANISATION OF BHARATPUR OCP EXPANSION,MCL,N06000171,ODISHA,11/2018,03/2029,-,"2,838.87",-,"1,420.63",1/9
2022-03,TALABIRA II AND III OCP,NLC,N06000189,ODISHA,07/2017,01/2027,-,"2,401.07",-,925.53,19/22
2022-03,NAINI COAL MINE,SCCL,N06000203,ODISHA,03/2020,03/2024,-,494.30,-,245.65,1/7
2022-03,ANANTA OCP EXPANSION PH III,MCL,N06000225,ODISHA,08/2008,03/2012,-,228.08,-,272.90,0/0
2022-03,BHUBANESWARI EXPANSION OCP,MCL,N06000227,ODISHA,08/2020,03/2031,-,"3,145.45",-,751.82,0/0
2022-03,GOPALJI-KANIHA OCP,MCL,N06000229,ODISHA,08/2020,03/2028,-,"8,416.19",-,"1,207.03",0/0
2022-03,BALARAM EXPANSION OCP,MCL,N06000230,ODISHA,08/2020,03/2029,-,"3,504.21",-,596.85,0/0
2022-03,KULDA EXPANSION OCP- 15 MTY,MCL,N06000248,ODISHA,06/2014,03/2018,-,348.16,-,.00,0/0
2022-03,SUBHADRA OCP,MCL,N06000249,ODISHA,05/2021,03/2027,-,"1,693.81",-,.00,0/0
2022-03,HADLA LIGNITE MINE PROJECT(1.90 MTPA),NLC,N06000144,RAJASTHAN,03/2015,09/2019,-,522.45,-,9.88,0/0
2022-03,BITHNOK LIGNITE MINE PROJECT (2.25 MTPA),NLC,N06000145,RAJASTHAN,03/2015,12/2019,-,513.63,-,175.30,0/0
2022-03,BARSINGSAR THERMAL POWER STATION EXTENSION,NLC,N06000187,RAJASTHAN,03/2015,09/2020,-,"2,112.60",-,93.05,0/0
2022-03,BITHNOK LIGNITE THERMAL POWER STATION,NLC,N06000188,RAJASTHAN,03/2015,09/2020,-,"2,196.30",-,143.95,0/0
2022-03,FLAS NEYVELI NEW THERMAL POWER PROJECT(2X500 MW),NLC,N06000095,TAMIL NADU,H,P,12/2015,"5,907.11",-,E,T
2022-03,EXPANSION OF MINE-I (LEASE AREA) AND MINE-I A (3.0 TO 7.0 MTPA),NLC,N06000138,TAMIL NADU,04/2013,06/2015,-,"1,458.17",-,499.65,5/7
2022-03,KAKATIYAKHANI OPENCAST III PROJECT PHASE-1,SCCL,N06000161,TELANGANA,03/2017,03/2022,-,413.84,-,304.39,6/11
2022-03,SRP OC-II EXPANSION PROJECT,SCCL,N06000173,TELANGANA,11/2016,03/2018,-,272.73,-,153.75,2/6
2022-03,GODAVARIKHANI COAL MINE,SCCL,N06000202,TELANGANA,07/2019,03/2023,-,438.98,-,95.89,3/11
2022-03,VENKATESH KHANI COAL MINE,SCCL,N06000204,TELANGANA,10/2020,03/2023,-,484.51,-,57.86,0/8
2022-03,RCE OF RAMAGUNDAM OPENCAST II EXTENSION PROJECT,SCCL,N06000210,TELANGANA,11/2015,03/2023,-,489.62,-,378.44,0/3
2022-03,RCE OF INDARAM OPENCAST PROJECT,SCCL,N06000211,TELANGANA,08/2017,03/2021,-,349.28,-,314.63,1/5
2022-03,RCE-II OF JALAGAM VENGALRAO OPENCAST PROJECT-II,SCCL,N06000212,TELANGANA,03/2019,03/2021,-,473.22,-,406.45,1/4
2022-03,RCE OF KALYANIKHANI OPENCAST PROJECT,SCCL,N06000213,TELANGANA,03/2016,03/2020,-,384.32,-,169.03,0/3
2022-03,RCE OF KAKATHIYAKHANI OC - 2 PROJECT,SCCL,N06000214,TELANGANA,08/2017,03/2020,-,442.42,-,127.65,0/1
2022-03,RCE OF KISTARAM OPENCAST PROJECT,SCCL,N06000215,TELANGANA,03/2017,03/2021,-,164.04,-,143.08,0/1
2022-03,NEYVELI UTTAR PRADESH POWER PROJECT LIMITED 1980 MW,NLC,N06000152,UTTAR PRADESH,07/2016,11/2021,-,"17,237.00",-,"13,342.53",20/48
2022-03,KHADIA EXPANSION OCP,NCL,N06000208,UTTAR PRADESH,06/2021,03/2025,-,491.67,-,.00,0/5
2022-03,RANIGANJ MASTER PLAN,ECL,N06000163,WEST BENGAL,08/2009,08/2019,-,"2,661.73",-,625.80,1/19
2022-03,SIDULI MINE (OC AND UG),ECL,N06000165,WEST BENGAL,05/2018,03/2026,-,535.18,-,1.99,4/22
2022-03,NAKRAKONDA KUMARDIH B OCP,ECL,N06000170,WEST BENGAL,08/2018,03/2029,-,502.68,-,37.27,2/22
2022-03,TILABONI UG MINE,ECL,N06000172,WEST BENGAL,02/2019,03/2027,-,916.62,-,4.99,2/27
2022-03,PARASEA- BELBAID REORGANISATION UG MINE,ECL,N06000185,WEST BENGAL,07/2019,03/2027,-,826.42,-,1.49,0/22
2022-03,SHYAMSUNDARPUR UG INCLUDING SAPI UNIT,ECL,N06000191,WEST BENGAL,04/2020,03/2025,-,483.65,-,9.64,0/0
2022-03,2.0 MTPA BHOJUDIH NLW WASHERY,BCCL,N06000195,WEST BENGAL,12/2015,03/2017,-,304.13,-,101.44,0/0
2022-03,SONEPUR BAZARI EXPANSION OC,ECL,N06000220,WEST BENGAL,07/2021,03/2029,-,"5,365.88","5,366.00",119.49,0/0
2022-03,EXPANSION PR OF JHANJRA UG (5.00 MTY),ECL,N06000223,WEST BENGAL,04/2020,03/2029,-,"1,210.12",-,114.10,0/0
2022-03,MOHANPUR EXPANSION OC PHASE II,ECL,N06000236,WEST BENGAL,11/2020,03/2025,-,888.99,-,.00,0/0
2022-03,BONJEMEHARI EXPANSION OCP,ECL,N06000244,WEST BENGAL,08/2021,03/2025,-,570.12,-,.00,0/0
2022-03,C/O RESIDENTIAL COMPLEX BUILDING FOR CENTRAL BOARD OF INDIRECT TAXES AND CUSTOMS AT SECTOR-9 DWARKA,NPCC,N07000001,DELHI,07/2018,04/2022,-,228.50,-,113.20,0/15
2022-03,C/O OF 152 NOS TYPE-II 304 NOS TYPE-III 76 NOS TYPE-IV QTRS. FOR INCOME TAX DEPARTMENT AT CHENNAI,CPWD FOR FINANC,N28000089,TAMIL NADU,12/2015,10/2019,-,209.00,-,208.93,1/6
2022-03,CONSTRUCTION OF 726 Nos RESIDENTIAL QUARTERS CHENNAI,CPWD FOR FINANC,N28000109,TAMIL NADU,11/2017,11/2021,-,348.77,-,223.39,3/8
2022-03,GAS TURBINE GENERATOR AND HEAT RECOVERY STEAM GENERATOR PROJECT AT RCF TROMBAY,RCF,N08000018,MAHARASHTRA,04/2018,04/2020,04/2022,426.72,-,365.47,14/14
2022-03,5TH STREAM ALUMINA REFINERY EXPANSION PROJECT,NALCO,N10000010,ODISHA,12/2014,04/2021,01/2024,"5,540.00","6,435.90","1,474.88",4/4
2022-03,UTKAL D AND E COAL BLOCK,NALCO,N10000011,ODISHA,05/2016,01/2020,11/2023,534.00,667.23,484.05,3/3
2022-03,CONVERSION OF FLAT BOTTOM SETTLERS AND WASHERS WITH A SINGLE TRAIN OF HRDS AND DCWS IN STREAMS 1 AND,NALCO,N10000012,ODISHA,12/2015,11/2020,12/2023,355.00,581.00,96.18,3/3
2022-03,SOURCING OF BAUXITE ARRANGEMENT FOR 5TH STREAM ALUMINA REFINERY FROM SOUTH BLOCK MINING LEASE OF PAN,NALCO,N10000013,ODISHA,11/2017,04/2021,12/2023,483.00,483.00,21.49,2/2
2022-03,25.5 MW WIND POWER PROJECT AT KAYATHAR IN TAMILNADU,NALCO,N10000014,TAMIL NADU,09/2017,06/2019,12/2022,166.62,163.17,135.00,1/1
2022-03,CONSTRUCTION OF BASEMENTG FLOOR10 STORIES BUILDING FOR THE STATE OF THE ART DG GSI AT SECTOR-V SA,CPWD,N10000015,WEST BENGAL,04/2019,04/2022,-,255.37,-,17.17,0/1
2022-03,NMDC INTEGRATED STEEL PLANT,NMDC,N12000086,CHHATISGARH,01/2010,05/2015,01/2022,"15,525.00",-,"20,200.38",76/86
2022-03,FLAS REBUILDING OF COKE OVEN BATTERY NO. 7 and 8 AT BSP,SAIL,N12000123,CHHATISGARH,H,P,12/2023,542.24,-,E,T
2022-03,NMDC SLURRY PIPE LINE PROJECT - PHASE-1,NMDC,N12000124,CHHATISGARH,11/2015,06/2023,-,"2,907.00",-,776.88,2/8
2022-03,NEW SINTER PLANT AT BOKARO STEEL PLANT,SAIL,N12000095,JHARKHAND,03/2015,10/2017,12/2021,"1,034.01",-,575.39,0/2
2022-03,REBUILDING OF COKE OVEN BATTERY NO-8 AT BSL,SAIL,N12000118,JHARKHAND,11/2016,06/2019,02/2022,262.87,-,213.32,1/1
2022-03,UP GRADATION OF AUTOMATION SYSTEM OF HOT STRIP MILL AT BOKARO STEEL PLANT,SAIL,N12000126,JHARKHAND,02/2022,06/2024,-,207.74,-,.00,0/0
2022-03,REBUILDING OF COKE OVEN BATTERY-2 ALONGWITH AUGMENTATION OF COKE HANDLING AND GAS HANDLING FACILITY,SAIL,N12000122,ODISHA,11/2020,05/2023,-,377.18,-,61.65,0/1
2022-03,INSTALLATION OF 4TH SLAB CASTER ALONG WITH ITS AUXILIARIES AND A NEW LADLE FURNACE IN SMS-II AT RSP,SAIL,N12000125,ODISHA,01/2022,05/2025,-,970.18,-,37.45,0/0
2022-03,VISAKH REFINERY MODERNISATION PROJECT,HPCL,N16000235,ANDHRA PRADESH,07/2016,07/2020,-,"20,928.00",-,"19,369.58",95/111
2022-03,KG-DWN-98-2 CLUSTER II DEVELOPMENT PROJECT,ONGC,N16000247,ANDHRA PRADESH,03/2016,06/2020,05/2023,"34,012.00",-,"17,374.00",15/20
2022-03,CONSTRUCTION OF GRASS ROOT PETROLEUM TOP AT ATCHUTAPURAM ANDHRA PRADESH,IOCL,N16000342,ANDHRA PRADESH,08/2018,04/2021,09/2022,466.00,-,323.99,0/0
2022-03,REVAMPING OF FACILITIES AT VIZAG TERMINAL,IOCL,N16000343,ANDHRA PRADESH,04/2018,04/2022,-,355.00,-,142.22,0/0
2022-03,REVAMPING OF VIJAYAWADA TERMINAL FOR CONVERSION TO TOP,IOCL,N16000350,ANDHRA PRADESH,10/2018,10/2021,09/2022,316.20,-,161.03,0/0
2022-03,DEVELOPMENT OF COASTAL TERMINAL AT KRISHNAPATNAM PORT,BPCL,N16000364,ANDHRA PRADESH,07/2017,02/2021,-,580.20,-,325.37,6/16
2022-03,SWRO II WITH LLPH FACILITIES,HPCL,N16000378,ANDHRA PRADESH,09/2019,07/2020,-,196.26,-,110.97,1/5
2022-03,LPG BP PROJECT CHITTOOR,IOCL,N16000381,ANDHRA PRADESH,07/2019,07/2022,-,167.00,-,28.26,0/5
2022-03,RUF PITCH LOADING GANTRY,HPCL,N16000406,ANDHRA PRADESH,10/2020,11/2022,-,332.61,-,30.88,6/12
2022-03,220 KV GRID SUPPLY,HPCL,N16000407,ANDHRA PRADESH,10/2020,03/2021,-,303.40,-,252.58,6/6
2022-03,SULPHUR FORMING UNIT IN SRU,HPCL,N16000408,ANDHRA PRADESH,10/2020,08/2021,-,210.94,-,134.05,1/6
2022-03,CGD PROJECT AT SRIKAKULAM VISAKHAPATNAM AND VIZIANAGARAM DISTRICTS,IOCL,N16000420,ANDHRA PRADESH,06/2019,08/2027,-,"2,880.00",-,119.79,0/0
2022-03,FLAS HP CRUDE TO OLEFINS AND AROMATICS TECHNOLOGY DEMO UNIT AT VISAKH REFINERY,HPCL,N16000432,ANDHRA PRADESH,H,P,06/2024,160.00,-,E,T
2022-03,DEVELOPMENT OF SURFACE FACILITIES FOR PRODUCTION AND EVACUATION OF CRUDE OIL AND NATURAL GAS FROM NA,OIL,N16000331,ASSAM,01/2018,02/2020,-,543.91,-,415.82,1/14
2022-03,NUMALIGARH REFINERY EXPANSION PROJECT 6 MMTPA REFINARY,NRL,N16000379,ASSAM,01/2019,10/2024,-,"12,366.00",-,"1,185.19",7/14
2022-03,NUMALIGARH REFINERY EXPANSION PROJECT COIT AND PIPELINES,NRL,N16000394,ASSAM,01/2019,10/2024,-,"10,228.00",-,"2,397.31",6/20
2022-03,EXPANSION OF GUWAHATI REFINERY FROM 1 TO 1.2 MMTPA ALONG WITH INSTALLATION OF CATALYTIC REFORMING UN,IOCL,N16000414,ASSAM,05/2021,10/2023,-,412.00,-,31.26,3/10
2022-03,GAS ASSISTED GRAVITY DRAINAGE SCHEME KASOMARIGAON,ONGC,N16000433,ASSAM,08/2021,02/2023,-,218.38,-,34.44,3/5
2022-03,LPG BP PROJECT MOTIHARI,IOCL,N16000317,BIHAR,05/2018,03/2021,03/2022,206.50,-,179.04,26/26
2022-03,DEVLEOPMENT OF GRID INFRASTRUCTURE FOR IMPORTING GRID POWER AT 220 KV AT BARAUNI REFINERY,IOCL,N16000324,BIHAR,12/2017,10/2020,08/2022,199.36,-,138.94,2/2
2022-03,CITY GAS DISTRIBUTION (CGD) NETWORK PATNA,GAIL,N16000327,BIHAR,10/2017,10/2022,-,359.25,-,212.34,10/10
2022-03,INSTALLATION OF 'INDJET' UNIT AT BARAUNI REFINERY,IOCL,N16000337,BIHAR,07/2018,01/2021,06/2021,189.00,-,188.29,8/8
2022-03,CONSTRUCTION OF GRASS ROOT POL TERMINAL AT MOTIHARI BIHAR,IOCL,N16000344,BIHAR,04/2018,03/2021,03/2022,522.00,-,442.28,0/0
2022-03,BARAUNI REFINERY CAPACITY EXPANSION FROM 6.0 TO 9.0 MMTPA,IOCL,N16000386,BIHAR,01/2020,04/2023,-,"14,810.00",-,"2,794.52",2/2
2022-03,MUZAFFARPUR-MOTIHARI LPG PIPELINE,IOCL,N16000399,BIHAR,06/2020,08/2022,-,403.00,-,130.17,0/0
2022-03,CGD PROJECT AT AURANGABAD KAIMUR AND ROHTAS DISTRICTS,IOCL,N16000415,BIHAR,10/2018,08/2027,-,176.00,-,97.20,0/0
2022-03,CGD PROJECT AT ARARIA PURNIA KATIHAR AND KISHANGANJ DISTRICTS,IOCL,N16000421,BIHAR,06/2019,12/2029,-,988.00,-,54.04,0/0
2022-03,CGD PROJECT AT ARWAL JEHANABAD BHOJPUR AND BUXAR DISTRICTS,IOCL,N16000422,BIHAR,06/2019,02/2028,-,439.00,-,138.33,0/0
2022-03,CGD PROJECT AT KHAGARIA SAHARSA AND MADHEPURA,IOCL,N16000423,BIHAR,06/2019,12/2029,-,163.00,-,30.67,0/0
2022-03,CGD PROJECT AT LAKHISARAI MUNGER AND BHAGALPUR DISTRICTS,IOCL,N16000424,BIHAR,06/2019,02/2028,-,347.00,-,120.02,0/0
2022-03,CGD PROJECT AT MUZAFFARPUR VAISHALI SARAN AND SAMASTIPUR DISTRICTS,IOCL,N16000425,BIHAR,06/2019,02/2028,-,"2,996.00",-,343.56,0/0
2022-03,AUGMENTATION OF FACILITIES AT THE EXISTING RAIPUR DEPOT,HPCL,N16000413,CHHATISGARH,03/2021,03/2024,-,456.00,-,100.44,9/62
2022-03,REDEVELOPMENT OF SANTHAL FIELD,ONGC,N16000279,GUJARAT,02/2017,03/2026,-,"1,162.56",-,947.93,9/10
2022-03,CREATING INFRASTRUCTURE AT GUJARAT REFINERY AND DUMAD FOR KOYALI AHMEDNAGAR SOLAPUR PIPELINE,IOCL,N16000326,GUJARAT,10/2017,02/2020,07/2022,906.00,-,387.46,7/8
2022-03,FLAS AUGMENTATION OF LPG IMPORT TERMINAL FROM 0.6 MMTPA TO 2.5 MMTPA AT KANDLA GUJARAT,IOCL,N16000336,GUJARAT,H,P,-,588.20,-,E,T
2022-03,SUSTAINED EVACUATION OF GAS FROM GANDHAR FIELDS BY INSTALLING A GAS COMPRESSOR AND PIPELINE CONNECTI,GAIL,N16000349,GUJARAT,09/2018,02/2021,-,225.54,-,149.80,6/8
2022-03,LAB REVAMP AT GUJARAT REFINERY,IOCL,N16000377,GUJARAT,10/2019,04/2022,-,403.00,-,212.99,10/11
2022-03,ACRYLICS OR OXO-ALCOHOL PROJECT AT GUJARAT REFINERY,IOCL,N16000382,GUJARAT,11/2019,05/2023,-,"5,251.00",-,915.83,6/11
2022-03,REPLACEMENT OF EXISTING TWIN 42” OFFSHORE PIPELINES AT VADINAR ALONG WITH TWO EXISTING PIPELINE END,IOCL,N16000400,GUJARAT,06/2020,12/2022,-,"1,378.00",-,189.96,0/0
2022-03,REDEVELOPMENT OF NANDASAN FIELD,ONGC,N16000404,GUJARAT,02/2020,08/2022,-,444.87,-,200.89,5/6
2022-03,PETROCHEMICAL AND LUBE INTEGRATION PROJECT AT GUJARAT REFINERY,IOCL,N16000409,GUJARAT,09/2020,09/2024,-,"18,936.00",-,"1,017.19",4/9
2022-03,AUGUMENTATION OF SALAYA MATHURA CRUDE OIL PIPELINE SYSTEM,IOCL,N16000411,GUJARAT,10/2020,08/2023,-,"1,614.00",-,120.01,0/0
2022-03,REDEVELOPMENT OF LINCH FIELD,ONGC,N16000428,GUJARAT,04/2021,03/2025,-,631.03,-,212.55,0/2
2022-03,REDEVELOPMENT OF SOBHASAN COMPLEX,ONGC,N16000431,GUJARAT,08/2021,02/2026,-,885.63,-,216.61,0/2
2022-03,CATALYST MANUFACTURING UNIT OF 1500 MTPA CAPACITY AT PANIPAT REFINERY,IOCL,N16000321,HARYANA,04/2018,02/2020,07/2022,206.63,340.76,177.75,6/7
2022-03,NAPHTHA CRACKER EXPANSION PROJECT AT PANIPAT,IOCL,N16000340,HARYANA,08/2018,08/2020,04/2022,"1,636.00",-,"1,020.57",6/7
2022-03,2ND GENERATION ETHANOL PLANT AT PANIPAT REFINERY,IOCL,N16000352,HARYANA,01/2019,01/2021,08/2022,909.00,-,580.81,3/6
2022-03,ETHANOL PRODUCTION FROM PSA OFF GAS BASED ON LANZATECH TECHNOLOGY AT PANIPAT REFINERY,IOCL,N16000353,HARYANA,10/2018,02/2020,07/2022,598.00,753.89,501.33,4/5
2022-03,SULTANPUR JHAJJAR HISSAR PIPELINE (SJHPL) PROJECT,GAIL,N16000355,HARYANA,08/2018,08/2020,12/2021,286.42,327.00,241.80,14/16
2022-03,INFRASTRUCTURE DEVELOPMENT TO FACILITATE IMPORT OF GRID POWER AT 220 KV PANIPAT,IOCL,N16000363,HARYANA,12/2018,06/2021,07/2022,278.60,-,160.39,3/5
2022-03,R and D CAMPUS II AT FARIDABAD,IOCL,N16000375,HARYANA,06/2019,12/2022,07/2023,"2,281.94","3,219.94",723.20,4/6
2022-03,PX-PTA REVAMP AT PANIPAT REFINERY,IOCL,N16000376,HARYANA,08/2019,12/2021,01/2023,"1,255.00",-,517.42,3/7
2022-03,COMPRESSED BIO GAS PLANT AT GORAKHPUR,IOCL,N16000383,HARYANA,09/2019,07/2021,03/2022,164.69,-,64.01,4/9
2022-03,CITY GAS DISTRIBUTION PROJECT IN GEOGRAPHICAL AREA OF SONIPAT (EAAA) AND JIND DISTRICTS,HPCL,N16000385,HARYANA,09/2018,09/2026,-,520.00,-,234.46,43/52
2022-03,CAPACITY EXPANSION OF PANIPAT REFINERY FROM 15 TO 25 MMTPA,IOCL,N16000412,HARYANA,02/2021,09/2024,-,"34,627.00",-,562.51,2/4
2022-03,DEVELOPMENT PLAN OF CBM - BOKARO BLOCK,ONGC,N16000239,JHARKHAND,12/2015,03/2023,03/2022,823.27,"1,137.79",789.78,9/11
2022-03,120 TMTPA NEW LPG PLANT AT BARHI JHARKAND STATE,HPCL,N16000316,JHARKHAND,06/2017,06/2020,-,161.50,-,144.34,11/12
2022-03,FLAS CITY GAS DISTRIBUTION (CGD) NETWORK RANCHI,GAIL,N16000329,JHARKHAND,H,P,10/2022,226.45,-,E,T
2022-03,RESITEMENT OF RANCHI AND DHANBAD OLD POL DEPOT AT BOKARO.,BPCL,N16000373,JHARKHAND,11/2018,06/2022,-,248.55,-,155.68,7/16
2022-03,CITY GAS DISTRIBUTION JAMSHEDPUR,GAIL,N16000389,JHARKHAND,10/2017,10/2022,-,221.45,-,119.65,9/9
2022-03,CGD PROJECT AT BOKARO HAZARIBAGH AND RAMGARH DISTRICTS,IOCL,N16000416,JHARKHAND,10/2018,12/2029,-,613.00,-,180.22,0/0
2022-03,HASSAN CHERLAPALLI LPG PIPELINE,HPCL,N16000367,KARNATAKA,06/2019,06/2022,-,"2,166.38",-,"1,618.87",13/18
2022-03,CONSTRUCTION OF 80000MT LPG CAVERN AT MANGALORE,HPCL,N16000369,KARNATAKA,12/2018,12/2022,-,854.00,-,216.50,15/19
2022-03,SETTING UP OF PHASE LL FACILITIES FOR HPCL GREEN R AND D CENTRE AT BENGALURU,HPCL,N16000380,KARNATAKA,06/2018,11/2021,03/2022,380.00,-,360.01,19/19
2022-03,DEVANGONTHI MARKETING TERMINAL,MANGALORE REFIN,N16000401,KARNATAKA,06/2020,06/2023,01/2024,200.00,304.00,6.69,3/6
2022-03,REVAMPING AUGMENTATION OF FACILITIES AT EXISTING PORT TERMINAL AT MANGALORE,IOCL,N16000437,KARNATAKA,01/2022,07/2025,-,463.00,-,13.03,0/0
2022-03,LPG TERMINAL AT KOCHI,IOCL,N16000171,KERALA,10/2015,10/2017,03/2022,607.06,"1,236.00",590.93,46/52
2022-03,KOCHI SALEM LPG PIPELINE PROJECT,BPCL,N16000314,KERALA,12/2015,06/2019,-,"1,112.00","1,507.24",897.01,1/3
2022-03,PROVISION OF 2ND SPUR FOR TWL GANTRY TWD FACILITY FOR MS AND HSD ADDITIONAL TANKS FOR MS HSD AND,IOCL,N16000304,MADHYA PRADESH,08/2017,06/2020,12/2021,236.00,319.61,245.32,0/0
2022-03,CGD PROJECT AT REWA DISTRICT,IOCL,N16000417,MADHYA PRADESH,10/2018,02/2027,-,177.00,-,70.44,0/0
2022-03,CONVERSION OF RIG SAGAR SAMRAT TO MOBILE OFFSHORE PRODUCTION UNIT(MOPS),ONGC,N16000128,MAHARASHTRA,03/2011,05/2013,05/2022,861.79,"2,001.34","1,672.85",6/8
2022-03,LIFE EXTENSION OF WALL PLATFORMS OF MUMBAI HIGH AND HEERA FIELDS,ONGC,N16000213,MAHARASHTRA,12/2015,04/2018,05/2022,"3,190.69","3,375.90","2,894.32",13/15
2022-03,KOYALI AHMEDNAGAR SOLAPUR PIPELINE,IOCL,N16000249,MAHARASHTRA,05/2016,02/2022,-,"1,945.00",-,"1,696.78",5/5
2022-03,ADDITIONAL FACILITIES AT SOLAPUR FOR CONVERSION TO TOP ON KOYALI-MANMAD- AHMEDNAGAR-SOLAPUR PIPELINE,IOCL,N16000268,MAHARASHTRA,05/2016,01/2021,-,348.00,437.00,255.25,0/0
2022-03,180 TMTPA NEW LPG PLANT AT PATALGANGA(DIST RAIGAD) MAHARASHTRA,HPCL,N16000315,MAHARASHTRA,06/2017,06/2020,-,249.26,-,227.07,5/12
2022-03,DEVELOPMENT OF NEW MARGINAL FIELD WO 24-3 D30 AND B192 ALONG WITH FACILITY FOR CO2 MITIGATION,ONGC,N16000357,MAHARASHTRA,02/2019,05/2021,12/2022,"2,292.46",-,"2,277.72",5/6
2022-03,MUMBAI HIGH NORTH REDEVELOPMENT PHASE-IV,ONGC,N16000358,MAHARASHTRA,04/2019,03/2022,05/2023,"3,228.80","3,976.67","2,103.09",4/6
2022-03,FLAS MUMBAI HIGH SOUTH REDEVELOPMENT PHASE-IV,ONGC,N16000359,MAHARASHTRA,H,P,05/2021,"3,660.71","3,740.05",E,T
2022-03,HEERA REDEVELOPMENT - PHASE III,ONGC,N16000360,MAHARASHTRA,06/2019,03/2022,-,"2,494.68",-,"1,888.89",5/6
2022-03,PIPELINE REPLACEMENT PROJECT (PRP-VI),ONGC,N16000370,MAHARASHTRA,05/2019,12/2020,05/2022,763.92,-,829.58,4/5
2022-03,ENHANCING PRODUCTION OF LUBE OIL BASE STOCK (LOBS) PROJECT AT MUMBAI REFINERY,BPCL,N16000397,MAHARASHTRA,07/2020,12/2021,-,640.00,-,404.59,9/11
2022-03,KEROSENE HYDROTREATER (KHT) UNIT INTEGRATED WITH EXISTING DIESEL HYDROTREATER (DHT) UNIT AT MUMBAI R,BPCL,N16000410,MAHARASHTRA,08/2020,03/2023,-,697.00,-,358.79,5/10
2022-03,SETTING UP 500KTPA PROPANE DEHYDROGENATION INTEGRATED WITH POLYPROPYLENE UNIT ALONG WITH OFFSITE AND,GAIL,N16000430,MAHARASHTRA,05/2019,04/2025,-,"8,797.00",-,228.95,12/20
2022-03,PIPELINE REPLACEMENT PROJECT - VII,ONGC,N16000436,MAHARASHTRA,01/2022,05/2024,-,"3,183.58",-,74.73,4/5
2022-03,AUGMENTATION OF PARADIP-HALDIA-DURGAPUR LPG PIPELINE AND ITS EXTENSION UPTO PATNA AND MUZAFFARPUR,IOCL,N16000193,MULTI STATE,01/2015,03/2021,12/2021,"1,823.00","3,027.90","2,340.20",5/5
2022-03,PARADIP HYDERABAD PIPLEINE,IOCL,N16000194,MULTI STATE,01/2015,12/2020,03/2022,"2,321.00","3,338.00","3,178.95",5/5
2022-03,PARADIP LPG IMPORT FACILITY,IOCL,N16000196,MULTI STATE,01/2015,07/2018,03/2022,690.00,-,622.00,36/36
2022-03,PIPELINE REHABILITATION PROJECT OF 575 KM (PHASE I),OIL,N16000258,MULTI STATE,05/2016,10/2020,-,406.00,-,303.39,6/12
2022-03,AUGMENTATION OF PUMPING CAPACITY OF BARAUNI-BONGAIGAON SECTOR PHASE II,OIL,N16000259,MULTI STATE,09/2016,12/2019,-,571.66,-,496.70,6/22
2022-03,DOBHI-DURGAPUR PIPELINE PROJECT,GAIL,N16000273,MULTI STATE,03/2017,12/2020,12/2021,"2,433.00",-,"2,223.10",21/24
2022-03,BOKARO-ANGUL PIPELINE PROJECT,GAIL,N16000274,MULTI STATE,03/2017,12/2020,12/2021,"3,437.00",-,"2,394.50",21/24
2022-03,KOCHI-KOOTTANAD-BANGALORE-MANGALORE PIPELINE PHASE-II,GAIL,N16000285,MULTI STATE,06/2009,12/2012,02/2022,"2,915.00","5,909.00","3,566.30",26/42
2022-03,EXTENSION OF VISAKH-VIJAYAWADA- SECUNDERABAD PIPELINE (VVSPL) FROM VIJAYAWADA TO DHARMAPURI AND CONST,HPCL,N16000296,MULTI STATE,09/2017,06/2021,-,"2,677.00",-,"2,795.52",23/26
2022-03,BARAUNI-GUWAHATI PIPELINE,GAIL,N16000334,MULTI STATE,06/2018,12/2021,-,"3,308.00",-,"2,679.10",18/20
2022-03,BARMER PALANPUR PIPELINE,HPCL,N16000384,MULTI STATE,11/2019,11/2022,-,776.00,-,497.06,14/20
2022-03,SRIKAKULAM ANGUL PIPELINE PROJECT,GAIL,N16000388,MULTI STATE,09/2019,07/2022,-,"2,658.34",-,627.10,11/14
2022-03,DHAMRA HALDIA PIPELINE PROJECT,GAIL,N16000391,MULTI STATE,03/2020,11/2022,-,"1,030.65",-,387.30,9/12
2022-03,FLAS MUMBAI NAGPUR JHARSUGUDA PIPELINE PROJECT,GAIL,N16000398,MULTI STATE,H,P,05/2023,"7,844.25",-,E,T
2022-03,CGD PROJECT AT NAWADA AND KODERMA DISTRICTS,IOCL,N16000426,MULTI STATE,06/2019,12/2029,-,169.00,-,44.61,0/0
2022-03,CGD PROJECT AT SHEIKHPURA JAMUI AND DEOGHAR DISTRICTS,IOCL,N16000427,MULTI STATE,06/2019,02/2028,-,303.00,-,145.24,0/0
2022-03,DHAMRA-ANGUL PIPELINE PROJECT,GAIL,N16000272,ODISHA,03/2017,12/2020,12/2021,"1,933.00",-,"1,652.70",21/24
2022-03,LPG BP PROJECT KHORDHA,IOCL,N16000283,ODISHA,12/2016,12/2019,03/2022,161.59,-,82.89,18/26
2022-03,CITY GAS DISTRIBUTION (CGD) NETWORK BHUBANESHWAR,GAIL,N16000289,ODISHA,07/2017,07/2022,-,243.53,-,181.91,10/10
2022-03,CAPTIVE NATURAL GAS PIPELINE FROM DAHEJ TO KOYALI REFINERY,IOCL,N16000308,ODISHA,08/2017,12/2021,-,315.00,-,236.11,3/3
2022-03,CITY GAS DISTRIBUTION (CGD) NETWORK CUTTACK,GAIL,N16000328,ODISHA,07/2017,07/2022,-,182.20,-,106.59,9/9
2022-03,ETHYLENE GLYCOL PROJECT AT PARADIP,IOCL,N16000338,ODISHA,04/2018,10/2021,07/2022,"5,654.00",-,"3,693.61",9/10
2022-03,PARADIP SOMNATHPUR HALDIA PIPELINE,IOCL,N16000345,ODISHA,10/2018,10/2021,-,"1,297.50",-,943.89,1/1
2022-03,ADDITIONAL STORAGE TANKS AT PARADIP,IOCL,N16000361,ODISHA,11/2018,09/2021,06/2022,462.30,543.00,194.48,4/5
2022-03,Fuel Quality Upgradation Project at Paradip Refinery,IOCL,N16000362,ODISHA,05/2019,08/2021,09/2022,"3,361.00",-,"2,167.68",7/11
2022-03,INSTALLATION OF STANDBY SRU TRAIN OF 525 TPD ALONGWITH INCINERATOR AT PARADIP REFINERY,IOCL,N16000368,ODISHA,06/2019,09/2022,03/2023,371.00,427.10,50.50,4/8
2022-03,Setting up of Integated 2G and 1G Bio-Ethanol Refinery at Bargarh Odisha,BPCL,N16000374,ODISHA,08/2019,08/2022,06/2023,"1,607.00",-,425.62,9/28
2022-03,INFRASTRUCTURE DEVELOPMENT FOR UTILIZATION OF NATURAL GAS AT PARADIP REFINERY,IOCL,N16000395,ODISHA,01/2020,07/2022,-,202.16,-,87.97,2/4
2022-03,INTEGRATED PARA XYLENE (PX) AND PURIFIED TEREPHTHALIC ACID (PTA) PROJECT AT PARADIP REFINERY,IOCL,N16000396,ODISHA,07/2020,01/2024,-,"13,805.00",-,866.57,5/12
2022-03,SECOND GENERATION ETHANOL BIOREFINERY PROJECT BATHINDA PUNJAB,HPCL,N16000402,PUNJAB,05/2020,02/2023,-,"1,421.46",-,349.38,12/22
2022-03,LPG BP PROJECT JODHPUR,IOCL,N16000318,RAJASTHAN,03/2018,-,05/2022,229.80,-,110.49,17/26
2022-03,NEW MUNDRA-PANIPAT CRUDE OIL PIPELINE,IOCL,N16000435,RAJASTHAN,12/2021,10/2024,-,"9,028.00",-,72.94,0/0
2022-03,ENNORE-TRICHY-MADURAI LPG PIPELINE,IOCL,N16000162,TAMIL NADU,05/2013,06/2020,-,711.00,-,11.12,0/0
2022-03,IRUGUR-DEVANGONTHI POL PIPELINE,BPCL,N16000234,TAMIL NADU,11/2012,02/2017,08/2022,678.00,-,19.44,0/0
2022-03,Field Development Plan of Madanam NELP-IV Block CY- ONN-2002,ONGC,N16000241,TAMIL NADU,11/2015,03/2019,09/2021,650.82,-,457.24,4/6
2022-03,FLAS ENNORE THIRUVALLUR BENGALURU PUDUCHERRY NAGAPATTINAM MADURAITUTICORIN GAS PIPELINE,IOCL,N16000253,TAMIL NADU,H,P,12/2018,"4,497.00","6,025.00",E,T
2022-03,CONSTRUCTION OF GRASS ROOT POL TOP AT ASANUR TAMIL NADU,IOCL,N16000305,TAMIL NADU,12/2017,10/2020,03/2022,466.43,-,318.93,0/0
2022-03,CONSTRUCTION OF CAPTIVE POL LPG JETTY AT KAMARAJAR PORT CHENNAI,IOCL,N16000403,TAMIL NADU,10/2020,09/2023,-,921.00,-,45.30,0/0
2022-03,SETTING UP LUBE COMPLEX AT VILLAGES AMULLAVOYAL AND VAIKKADU CHENNAI AS RESITEMENT OF EXISTING FACI,IOCL,N16000405,TAMIL NADU,10/2020,12/2023,-,"1,398.00",-,214.35,0/0
2022-03,CGD PROJECT AT COIMBATORE DISTRICT,IOCL,N16000418,TAMIL NADU,10/2018,03/2030,-,"2,998.00",-,220.47,0/0
2022-03,CGD PROJECT AT SALEM DISTRICT,IOCL,N16000419,TAMIL NADU,10/2018,03/2030,-,"1,304.00",-,59.96,0/0
2022-03,CBR 9 MMTPA PROJECT,CPCL,N16000434,TAMIL NADU,01/2021,06/2025,-,"31,580.00",-,585.79,7/50
2022-03,GRASS ROOT POL TERMINAL AT VALLUR CHENNAI,IISCO,N16000438,TAMIL NADU,01/2022,07/2024,-,827.00,-,44.46,0/0
2022-03,GRASS ROOT TERMINAL AT MALKAPUR,IOCL,N16000351,TELANGANA,12/2018,04/2022,-,611.00,-,156.95,0/0
2022-03,CITY GAS DISTRIBUTION (CGD) NETWORK VARANASI,GAIL,N16000288,UTTAR PRADESH,04/2017,04/2022,-,287.49,-,265.22,53/53
2022-03,REVAMPING OF EXISTING FACILITIES/ AUGMENTATION OF FACILITIES AT BAITALPUR DEPOT FOR,IOCL,N16000303,UTTAR PRADESH,08/2017,08/2021,03/2023,318.80,-,194.75,0/0
2022-03,INFRASTRUCTURE DEVELOPMENT TO FACILITATE BULK IMPORT OF GRID POWER AT 220 KV AT MATHURA REFINERY,IOCL,N16000323,UTTAR PRADESH,08/2017,08/2020,03/2022,255.40,-,171.19,3/3
2022-03,AUGMENTATION OF MATHURA-TUNDLA PIPELINE AND ITS EXTENSION FOR HOOK UP WITH BARAUNI- KANPUR PIPELINE A,IOCL,N16000333,UTTAR PRADESH,03/2018,08/2022,-,676.00,-,559.75,3/3
2022-03,CITY GAS DISTRIBUTION IN UP AND UK,HPCL,N16000387,UTTAR PRADESH,03/2019,03/2029,-,"3,450.20",-,657.43,34/64
2022-03,HARIDWAR RISHIKESH DEHRADUN PIPELINE PROJECT,GAIL,N16000390,UTTAR PRADESH,08/2018,04/2021,03/2022,217.92,-,118.00,12/14
2022-03,60 KTA POLYPROPYLENE PROJECT,GAIL,N16000429,UTTAR PRADESH,03/2019,04/2024,-,910.56,-,154.31,10/17
2022-03,SITARGANJ LPG PROJECT,IOCL,N16000282,UTTARAKHAND,02/2017,02/2020,06/2021,160.10,-,107.55,19/26
2022-03,DURGAPUR-HALDIA PIPELINE PROJECT,GAIL,N16000275,WEST BENGAL,03/2017,12/2020,12/2021,"1,740.00",-,989.00,13/24
2022-03,KHARAGPUR LPG BOTTLING PLANT,IOCL,N16000300,WEST BENGAL,04/2017,04/2020,10/2021,163.02,-,145.18,19/26
2022-03,30 INCH CRUDE OIL PIPELINE IN HALDIA-BARAUNI SECTION OF PHBPL AND CONVERSION OF EXISTING 18 INCH HAL,IOCL,N16000332,WEST BENGAL,03/2018,09/2022,-,"3,712.00","3,696.00","2,479.29",3/3
2022-03,FLAS CITY GAS DISTRIBUTION IN WEST BENGAL,HPCL,N16000392,WEST BENGAL,H,P,03/2031,"5,830.20",-,E,T
2022-03,INSTALLATION OF SECOND CATALYTIC DEWAXING UNIT (CDW-II) AT HALDIA REFINERY,IOCL,N16000393,WEST BENGAL,06/2020,01/2023,-,"1,019.00",-,198.96,4/6
2022-03,SUBANSIRI LOWER H.E.P (8X250 MW) (NHPC),NHPC,180100221,ARUNACHAL PRADESH,09/2003,09/2010,08/2023,"6,285.33","19,992.43","15,506.40",0/0
2022-03,BARH STPP(3X660MW) NTPC,NTPC,180100242,BIHAR,02/2005,10/2011,07/2023,"8,692.97","21,312.11","19,807.00",34/49
2022-03,BRBCL-NABINAGAR TPP- JV (4X250 MW),NTPC,N18000190,BIHAR,01/2007,07/2012,-,"5,353.00",-,"9,014.00",25/25
2022-03,NPGCPL-NABINAGAR STPP - JV (3X660 MW),NTPC,N18000192,BIHAR,01/2013,05/2018,-,"12,964.60","19,413.00","16,873.00",45/45
2022-03,BUXAR THERMAL POWER PLANT (1320 MW),SJVN,N18000194,BIHAR,03/2019,01/2024,-,"10,439.09",-,"4,865.32",16/27
2022-03,TRANSMISSION SYSTEM FOR POWER EVACUATION FROM ARUN-3 (900MW) HEP NEPAL OF M/S SAPDC- INDIAN PORTION,PGCIL,N18000299,BIHAR,05/2021,04/2023,-,179.29,-,43.03,0/0
2022-03,CREATION OF 400/220 KV SUBSTATIONS IN NCT OF DELHI DURING 12TH PLAN PERIOD (PART-A),PGCIL,N18000188,DELHI,03/2015,05/2017,-,"1,394.52",-,586.89,4/9
2022-03,KAWAS SOLAR 56 MW,NTPC,N18000283,GUJARAT,08/2020,10/2021,10/2022,261.80,-,170.95,0/0
2022-03,GUJARAT 200 MW (GUVNL TENDER),NTPC,N18000295,GUJARAT,01/2021,07/2022,-,842.27,-,93.92,0/0
2022-03,150 MW SOLAR PV PROJECT IN GUJARAT (LIMBDI MESANKA AND RADHANPUR),NTPC,N18000296,GUJARAT,05/2021,09/2022,-,674.92,-,76.91,0/0
2022-03,Bagodara Solar Power Project,SJVN,N18000297,GUJARAT,05/2021,10/2022,-,296.20,-,35.02,0/5
2022-03,TRANSMISSION SYSTEM FOR PROVIDING CONNECTIVITY TO RE PROJECTS AT BHUJ-II (2000 MW) IN GUJARAT,PGCIL,N18000301,GUJARAT,10/2019,08/2021,-,"1,031.00",-,852.40,0/0
2022-03,DAYAPAR WIND ENERGY PROJECT 150MW,NTPC,N18000319,GUJARAT,11/2021,05/2023,-,937.80,-,.00,0/0
2022-03,IMPLEMENTATION OF 500 MVAR THYRISTOR CONTROLLED REACTOR AT KURUKSHETRA,PGCIL,N18000302,HARYANA,01/2019,03/2022,-,267.33,-,57.40,0/0
2022-03,PARBATI HEP (4X200 MW) (NHPC) II,NHPC,180100210,HIMACHAL PRADESH,09/2002,09/2009,03/2023,"3,919.59","9,897.59","9,596.51",5/5
2022-03,LUHRI HYDROELECTRIC PROJECT (STAGE1),SJVN,N18000279,HIMACHAL PRADESH,11/2020,01/2026,-,"1,810.56",-,645.19,0/10
2022-03,DHAULASIDH HYDROELECTRIC PROJECT (66 MW),SJVN,N18000291,HIMACHAL PRADESH,10/2020,11/2025,-,687.97,-,226.89,2/11
2022-03,PAKAL DUL HYDRO ELECTRIC PROJECT (1000 MW),CVPPPL,N18000172,JAMMU AND KASHMIR,10/2014,04/2020,07/2025,"8,112.12",-,"2,223.86",0/0
2022-03,KIRU HYDRO ELECTRIC PROJECT,CVPPPL,N18000278,JAMMU AND KASHMIR,03/2019,-,08/2024,"4,287.59",-,707.60,0/0
2022-03,FLAS RATLE HE PROJECT,NHPC,N18000324,JAMMU AND KASHMIR,H,P,02/2026,"5,281.94",-,E,T
2022-03,NORTH KARANPURA STPP (3X660 MW),NTPC,N18000177,JHARKHAND,02/2014,06/2019,10/2022,"14,366.58","17,007.00","12,739.00",30/44
2022-03,PAKRI BARWADIH COAL MINING PROJECT,NTPC,N18000225,JHARKHAND,10/2004,10/2017,04/2019,"4,237.96","4,238.00","3,887.77",0/0
2022-03,PATRATU STPP-I (3X800MW),NTPC,N18000275,JHARKHAND,11/2017,03/2023,-,"18,668.00",-,"5,177.00",4/23
2022-03,KAYAMKULAM SOLAR 70 MW,NTPC,N18000288,KERALA,09/2019,06/2021,01/2022,403.62,-,202.44,0/0
2022-03,AMELIA COAL MINE,THDCIL,N18000252,MADHYA PRADESH,01/2017,09/2020,-,"2,104.21",-,666.74,19/25
2022-03,LOKTAK D/S HEP(NHPC),NHPC,180100078,MANIPUR,12/1999,06/2006,-,578.62,-,200.82,0/0
2022-03,NORTH- EAST NORTH WESTERN INTERCONNECTOR I PROJECT,PGCIL,N18000066,MULTI STATE,02/2009,08/2013,-,"11,130.19",-,"12,394.95",23/26
2022-03,EASTERN REGION STRENGTHENING SCHEME-XII,PGCIL,N18000164,MULTI STATE,05/2014,11/2016,-,522.29,-,480.89,10/12
2022-03,ESTABLISHMENT OF FIBER OPTIC COMMUNICATION SYSTEM IN NR UNDER FIBER OPTIC EXPANSION PROJECT (ADDITIO,PGCIL,N18000184,MULTI STATE,03/2015,03/2018,-,197.40,-,91.09,0/0
2022-03,ESTABLISHMENT OF 220/66KV GIS AT UT CHANDIGARH ALONG WITH 220KV D/C LINE FROM CHANDIGARH GIS TO 400/,PGCIL,N18000242,MULTI STATE,02/2017,02/2019,-,322.30,-,205.88,0/0
2022-03,EASTERN REGION STRENTHENING SCHEME XVII( PART B),PGCIL,N18000244,MULTI STATE,02/2017,06/2019,-,235.53,-,160.81,0/0
2022-03,SYSTEM STRENGTHENING SCHEME IN NORTH REGION XXXVII,PGCIL,N18000245,MULTI STATE,03/2017,12/2019,-,379.95,-,255.25,0/0
2022-03,COMPREHENSIVE SCHEME FOR THE STRENGHTENING OF THE TRANSMISSION AND DISTRIBUTION SYSTEM IN A P,PGCIL,N18000249,MULTI STATE,12/2014,12/2018,-,"4,754.42",-,"3,331.26",0/0
2022-03,NORTH EASTERN REGION POWER SYSTEM IMPROVEMENT PROJECT (NERPSIP) FOR SIX (6) STATES,PGCIL,N18000250,MULTI STATE,12/2014,12/2018,-,"5,111.33",-,"3,609.71",0/0
2022-03,EASTERN REGION STRENGTHENING SCHEME-XVIII,PGCIL,N18000258,MULTI STATE,03/2017,07/2020,-,"3,500.00","3,500.00","3,106.15",0/0
2022-03,HVDC BIPOLE LINK BETWEEN WR AND SR -NORTH TRICHUR - SCHEME -II AC SYSTEM STRENGTHENING AT PUGALUR EN,PGCIL,N18000264,MULTI STATE,08/2017,02/2020,-,"1,931.39",-,"1,851.75",0/0
2022-03,EASTERN REGION STRENGTHENING SCHEME XX,PGCIL,N18000268,MULTI STATE,11/2017,05/2020,-,358.83,-,262.83,0/0
2022-03,NORTHERN REGION SYSTEM STRENGTHENING - XL,PGCIL,N18000308,MULTI STATE,02/2019,12/2020,-,572.98,-,280.09,0/0
2022-03,SYSTEM STRENGTHENING SCHEMES AT TUTICORIN-II (ERSTWHILE TIRUNELVELLI GIS) AND BHUJ PS,PGCIL,N18000309,MULTI STATE,11/2018,06/2020,-,496.11,-,322.25,0/0
2022-03,FLAS WESTERN REGION SYSTEM STRENGTHENING - XX,PGCIL,N18000310,MULTI STATE,H,P,08/2021,226.98,-,E,T
2022-03,SOUTHERN REGION SYSTEM STRENGTHENING - XXV,PGCIL,N18000311,MULTI STATE,07/2019,07/2021,-,154.72,-,125.42,0/0
2022-03,NORTH EASTERN REGION STRENGTHENING SCHEME - III,PGCIL,N18000313,MULTI STATE,09/2015,12/2017,-,167.31,-,129.25,0/0
2022-03,EASTERN REGION STRENGTHENING SCHEME - XXIII,PGCIL,N18000315,MULTI STATE,07/2020,06/2021,-,239.89,-,330.49,0/0
2022-03,NORTH EASTERN REGION STRENGTHENING SCHEME-XII,PGCIL,N18000316,MULTI STATE,05/2021,03/2023,-,576.42,-,5.65,0/0
2022-03,RELIABLE COMMUNICATION SCHEME UNDER CENTRAL SECTOR FOR NORTHERN REGION,PGCIL,N18000317,MULTI STATE,11/2018,11/2021,-,241.38,-,214.42,0/0
2022-03,NORTH EASTERN REGION STRENGTHENING SCHEME-VIII,PGCIL,N18000318,MULTI STATE,09/2018,03/2021,-,221.36,-,182.82,0/0
2022-03,ROURKELA PP-II EXPANSION (1X250 MW) - NSPCL,NTPC,N18000276,ODISHA,05/2016,12/2018,03/2022,"1,885.13","2,311.80","2,042.75",10/10
2022-03,SAMBHU KI BHURJ SOLAR 250 MW,NTPC,N18000285,RAJASTHAN,01/2020,09/2021,08/2022,"1,522.71",-,"1,232.64",0/0
2022-03,SAMBHU KI BHURJ-II SOLAR 300MW,NTPC,N18000286,RAJASTHAN,03/2020,09/2021,10/2022,"1,782.00",-,983.47,0/0
2022-03,JETSAR SOLAR 160 MW,NTPC,N18000287,RAJASTHAN,12/2019,03/2021,12/2021,702.28,-,622.35,0/0
2022-03,FATEHGARH SOLAR 296MW,NTPC,N18000289,RAJASTHAN,03/2020,09/2021,10/2022,"1,749.31",-,"1,391.16",0/0
2022-03,ANTA SOLAR 90 MW,NTPC,N18000292,RAJASTHAN,01/2021,03/2022,-,382.22,-,11.74,0/0
2022-03,BHENSARA 320 MW,NTPC,N18000293,RAJASTHAN,01/2021,07/2022,-,"1,221.73",-,140.11,0/0
2022-03,CHHATTARGARH 150 MW,NTPC,N18000294,RAJASTHAN,02/2021,07/2022,-,599.99,-,71.06,0/0
2022-03,TRANSMISSION SYSTEM STRENGTHENING SCHEME FOR EVACUATION OF POWER FROM SOLAR ENERGY ZONES IN RAJASTHA,PGCIL,N18000300,RAJASTHAN,05/2021,09/2022,-,"1,184.88",-,24.42,0/0
2022-03,TRANSMISSION SYSTEM STRENGTHENING SCHEME FOR EVACUATION OF POWER FROM SOLAR ENERGY ZONES IN RAJASTHA,PGCIL,N18000303,RAJASTHAN,03/2021,12/2022,-,353.85,-,68.00,0/0
2022-03,TRANSMISSION SYSTEM STRENGTHENING SCHEME FOR EVACUATION OF POWER FROM SOLAR ENERGY ZONES IN RAJASTHA,PGCIL,N18000304,RAJASTHAN,03/2021,12/2022,-,"1,340.81",-,334.59,0/0
2022-03,TRANSMISSION SYSTEM STRENGTHENING SCHEME FOR EVACUATION OF POWER FROM SOLAR ENERGY ZONES IN RAJASTHA,PGCIL,N18000305,RAJASTHAN,06/2021,12/2022,-,713.82,-,218.00,0/0
2022-03,TRANSMISSION SYSTEM STRENGTHENING SCHEME FOR EVACUATION OF POWER FROM SOLAR ENERGY ZONES IN RAJASTHA,PGCIL,N18000306,RAJASTHAN,06/2021,12/2022,-,"1,562.00",-,362.00,0/0
2022-03,FLAS TRANSMISSION SYSTEM STRENGTHENING SCHEME FOR EVACUATION OF POWER FROM SOLAR ENERGY ZONES IN RAJASTHA,PGCIL,N18000307,RAJASTHAN,H,P,12/2022,"1,006.00",-,E,T
2022-03,TRANSMISSION SYSTEM FOR SOLAR ENERGY ZONES IN RAJASTHAN,PGCIL,N18000312,RAJASTHAN,08/2019,12/2020,-,"2,578.47",-,"2,101.08",0/0
2022-03,TRANSMISSION SYSTEM FOR PROVIDING CONNECTIVITY TO RE PROJECTS AT BIKANER (PG) FATEHGARH-II & BHADLA,PGCIL,N18000314,RAJASTHAN,01/2020,01/2021,-,562.86,-,.00,0/0
2022-03,NOKH PLOT-1 SOLAR PV PROJECT 245MW,NTPC,N18000320,RAJASTHAN,03/2022,08/2023,-,"1,352.71",-,.00,0/0
2022-03,NOKH PLOT-2 SOLAR PV PROJECT 245MW,NTPC,N18000321,RAJASTHAN,03/2022,08/2023,-,"1,409.52",-,.00,0/0
2022-03,NOKH PLOT-3 SOLAR PV PROJECT 245MW,NTPC,N18000322,RAJASTHAN,03/2022,08/2023,-,"1,426.94",-,.00,0/0
2022-03,TEESTA VI HE PROJECT,NHPC,N18000325,SIKKIM,03/2019,03/2024,-,"5,748.04",-,.00,0/0
2022-03,RANGIT IV HE PROJECT,NHPC,N18000326,SIKKIM,03/2021,05/2024,-,938.29,-,.00,0/0
2022-03,TRANSMISSION SYSTEM FOR EVACUTION OF POWER FROM NEYVELI LIGNITE CORP LTD TS - I (REPLACEMENT) IN NEY,PGCIL,N18000262,TAMIL NADU,05/2017,07/2019,-,186.17,-,170.18,0/0
2022-03,ETTAYAPURAM SOLAR 230MW,NTPC,N18000290,TAMIL NADU,03/2020,09/2021,08/2022,"1,316.22",-,"1,019.60",0/0
2022-03,TELANGANA SUPER THERMAL POWER PROJECT PHASE I,NTPC,N18000212,TELANGANA,01/2016,11/2020,07/2022,"10,598.98",-,"9,188.21",30/37
2022-03,RAMAGUNDAM FLOATING SOLAR 100 MW,NTPC,N18000284,TELANGANA,06/2019,04/2021,-,401.90,-,311.23,0/0
2022-03,KHURJA SUPER THERMAL POWER PROJECT,THDCIL,N18000272,UTTAR PRADESH,03/2019,09/2023,-,"11,089.42",-,"3,935.90",4/13
2022-03,DEVIKOT SOLAR 90MW,NTPC,N18000280,UTTAR PRADESH,03/2020,09/2021,10/2022,501.29,-,466.21,0/0
2022-03,DEVIKOT SOLAR 150MW,NTPC,N18000281,UTTAR PRADESH,01/2020,09/2021,-,798.24,-,596.05,0/0
2022-03,NOKHRA,NTPC,N18000282,UTTAR PRADESH,03/2020,09/2021,10/2022,"1,722.14",-,724.60,0/0
2022-03,PARASAN SOLAR POWER PROJECT,SJVN,N18000298,UTTAR PRADESH,08/2021,12/2022,-,313.58,-,314.74,0/5
2022-03,KALPI SOLAR POWER PROJECT,NHPC,N18000323,UTTAR PRADESH,07/2020,03/2022,-,314.64,-,.00,0/0
2022-03,TEHRI PUMPED STORAGE PLANT(1000MW),THDCIL,N18000010,UTTARAKHAND,07/2006,02/2016,06/2022,"1,657.00",-,"4,497.77",26/34
2022-03,TAPOVAN-VISHNUGAD HEP (4X130MW),NTPC,N18000014,UTTARAKHAND,11/2006,03/2013,12/2021,"2,978.48","5,867.38","5,289.00",8/15
2022-03,VISHNUGAD PIPALKOTI HYDRO ELECTRIC PROJECT,THDCIL,N18000042,UTTARAKHAND,08/2008,06/2013,-,"2,491.58","3,860.35","2,454.35",10/25
2022-03,LATA-TAPOVAN HYDRO ELECTRIC POWER PROJECT 3X57 MW,NTPC,N18000142,UTTARAKHAND,07/2012,08/2017,-,"1,527.00",-,149.93,0/15
2022-03,NAITWAR MORI HEP,SJVN,N18000265,UTTARAKHAND,10/2017,12/2021,-,648.33,-,870.80,14/32
2022-03,FLAS RAMMAM-III HEPP (3X40 MW),NTPC,N18000178,WEST BENGAL,H,P,09/2019,"1,381.84",-,E,T
2022-03,DURGAPUR PP-III (2X20 MW) - NSPCL,NTPC,N18000277,WEST BENGAL,12/2016,11/2018,06/2022,529.68,633.80,526.58,9/20
2022-03,NATIONAL AUTOMOTIVE TESTING AND RD INFRASTRUCTURE PROJECT (NATRIP),NATIS,N20000001,MULTI STATE,04/2011,09/2011,03/2021,"1,718.00","3,727.30","3,558.60",25/25
2022-03,RESIDENTIAL COMPLEX AND OPD BLOCK AIIMS- MNAGLAGIRI GUNTUR ANDHRA PRADESH,HSCC,N21000017,ANDHRA PRADESH,08/2017,03/2019,-,272.19,-,273.40,0/0
2022-03,HOSPITAL AND TEACHING- AIIMS GUNTUR,HSCC,N21000020,ANDHRA PRADESH,03/2018,-,-,601.02,-,551.63,0/0
2022-03,LGBRIMH-TEZPUR ASSAM,HSCC,N21000007,ASSAM,07/2012,12/2014,-,175.57,-,163.37,0/0
2022-03,ALL INDIA INSTITUTE OF MEDICAL SCIENCE AT GUWAHATI ASSAM,HITES,N21000027,ASSAM,05/2017,05/2021,-,875.00,890.14,460.33,0/0
2022-03,LHMC NEW DELHI-RE-DEVELOPMENT,HSCC,N21000003,DELHI,02/2013,11/2013,-,414.11,-,586.50,0/0
2022-03,AIIMS - MOTHER AND CHILD BLOCK,HSCC,N21000008,DELHI,12/2013,05/2017,-,204.44,-,259.05,2/2
2022-03,AIIMS - OPD(NEW),HSCC,N21000009,DELHI,08/2014,05/2017,-,293.65,-,320.58,5/5
2022-03,GERIATRICS BLOCK- AIIMS DLEHI,HSCC,N21000019,DELHI,12/2017,-,-,156.56,-,195.62,0/0
2022-03,SUPER SPECIALITY BLOCK PMSSY GOA,HSCC,N21000022,GOA,01/2018,-,-,249.01,-,245.78,0/0
2022-03,CONSTRUCTION OF HOSPITAL AND OPD BLOCK NCI JHAJJAR,HSCC,N21000011,HARYANA,09/2014,03/2018,-,505.58,-,586.96,2/2
2022-03,AIIMS BILASPUR,NBCC FOR HEALTH,N21000028,HIMACHAL PRADESH,04/2018,09/2021,-,"1,351.00",-,"1,089.38",2/4
2022-03,CONSTRUCTION OF 300 BEDDED HOSPITAL AND TEACHING BLOCK IN DR YS PARMAR GMC AT NAHAN HIMACHAL PRADESH,CPWD FOR HEALTH,N28000127,HIMACHAL PRADESH,12/2018,06/2021,-,260.00,-,25.38,0/0
2022-03,CONSTRUCTION OF AIIMS AT JAMMU VIJAYPUR SAMBA JAMMU AND KASHMIR,CPWD FOR HEALTH,N21000029,JAMMU AND KASHMIR,03/2019,09/2023,-,"1,404.00",-,505.50,0/0
2022-03,C/O AIIMS AT AWANTIPORA (KASHMIR) JAMMU AND KASHMIR,CPWD FOR HEALTH,N28000150,JAMMU AND KASHMIR,03/2019,09/2025,-,"1,828.00",-,232.57,0/0
2022-03,FLAS C/O NEW HOSPITAL BLOCK FOR SREE CHITRA TIRUNAL INSTITIUTE OF MEDICAL SCIENCE AND TECHNOLOGY (SCTIMST,CPWD FOR HEALTH,N28000112,KERALA,H,P,03/2020,150.29,-,E,T
2022-03,RESIDENTIAL COMPLEX AND OPD BLOCK AIIMS NAGPUR MAHARASTRA,HSCC,N21000016,MAHARASHTRA,08/2017,03/2019,-,274.19,-,259.46,0/0
2022-03,HOSPITAL AND TEACHING- AIIMS NAGPUR,HSCC,N21000023,MAHARASHTRA,03/2018,-,-,582.99,-,562.02,0/0
2022-03,NEIGRIHMS SHILLONG MEGHALYA,HSCC,N21000013,MEGHALAYA,10/2016,05/2018,-,363.99,-,281.93,0/0
2022-03,CONST OF 152 QTRS 240 BOYS 240 GIRLS 150 NURSES HOSTEL AND OTHER BUILDINGS INCLUDING DEVELOPMENT,CPWD FOR HEALTH,N28000139,PONDICHERRY,03/2018,09/2020,-,195.00,-,16.41,0/33
2022-03,SATELLITE CENTRE PGI CHANDIGARH SANGRUR PUNJAB,HSCC,N21000012,PUNJAB,07/2016,02/2018,-,152.95,-,177.21,1/1
2022-03,ALL INDIA INSTITUTE OF MEDICAL SCIENCE AT BATHINDA PUNJAB,HITES,N21000026,PUNJAB,07/2016,06/2020,-,703.00,-,562.31,0/0
2022-03,ESTABLISHMENT OF NATIONAL ANIMAL RESOURCE FACILITY FOR BIOMEDICAL RESEARCH AT HYDERABAD,CPWD FOR HEALTH,N28000098,TELANGANA,10/2016,03/2020,-,209.84,-,213.38,1/5
2022-03,HOSPITAL AND MEDICAL COLLEGE AIIMS RAEBARELI,HSCC,N21000021,UTTAR PRADESH,03/2018,-,-,268.84,-,279.53,0/0
2022-03,ALL INDIA INSTITUTE OF MEDICAL SCIENCE AT GORAKHPUR (U.P.),HITES,N21000025,UTTAR PRADESH,07/2016,04/2020,-,785.00,-,639.73,0/0
2022-03,CONSTRUCTION OF HOSPITAL BLOCK IIT KHARAGPUR,HSCC,N21000010,WEST BENGAL,12/2014,05/2017,-,168.90,-,169.51,3/3
2022-03,CNCI KOLKATA WEST BENGAL,HSCC,N21000015,WEST BENGAL,08/2016,09/2018,-,244.00,-,224.92,0/0
2022-03,RESIDENTIALCOMPLEX AND OPD BLOCK AIIMS KALYANI WEST BENGAL,HSCC,N21000018,WEST BENGAL,08/2017,03/2019,-,355.15,-,321.31,0/0
2022-03,HOSPITAL AND TEACHING- AIIMS KALYANI,HSCC,N21000024,WEST BENGAL,04/2018,-,-,651.99,-,622.18,0/0
2022-03,KOTLPALLI-NARASAPUR (NL) (SCR),SCR,220100265,ANDHRA PRADESH,12/2001,03/2009,-,"1,045.20",-,"1,075.85",0/0
2022-03,VIJAYWADA-GUDUGOLANU-BHIMAVARAM- NARSAPUR DL (221 KM),RVNL,N22000313,ANDHRA PRADESH,03/2012,03/2020,-,"1,503.71",-,"3,999.78",0/0
2022-03,GUNTUR-GUNTAKAL,SCR,N22000368,ANDHRA PRADESH,04/2016,03/2022,-,"3,631.00",-,"1,534.37",0/0
2022-03,VIJAYAWADA-GUDUR,RVNL,N22000369,ANDHRA PRADESH,04/2015,12/2023,-,"3,246.26",-,"3,814.09",0/0
2022-03,FLAS KOTTAVALSA - KORAPUT DOUBLING,ECOR,N22000377,ANDHRA PRADESH,H,P,03/2022,"2,499.71",-,E,T
2022-03,MULTI MODAL LOGISTICS PARK AT KAKINADA,CCOI,N22000431,ANDHRA PRADESH,08/2016,03/2019,-,234.50,-,14.14,0/0
2022-03,NEW B.G. LINE FROM TETELIA TO BYRNIHAT (NATIONAL PROJECT) NEFR,NFR,N22000086,ASSAM,09/2006,03/2019,-,385.20,-,949.28,0/0
2022-03,BONGAIGAON-GOALPARA-GUWAHATI (176 KM),NFR,N22000388,ASSAM,04/2015,03/2022,-,"2,232.32",-,"2,102.56",0/0
2022-03,DIGARU-HOJAI (102 KM),NFR,N22000389,ASSAM,04/2015,03/2021,-,870.96,-,"1,744.94",0/0
2022-03,JAYANAGAR-DARBHANGA-NARKATIA GANJ(GC) ECR,ECR,220100240,BIHAR,04/1997,03/2012,-,324.73,967.29,"1,098.15",0/0
2022-03,KHAGARIA-KUSHESHWAR ASTHAN (NL) (ECR),ECR,220100257,BIHAR,04/1997,-,-,162.87,614.45,354.29,0/0
2022-03,HAJIPUR-SUGAULI VIA VAISHALI (NL) ECR,ECR,220100303,BIHAR,04/2003,-,-,528.65,"2,066.78","1,616.45",0/0
2022-03,NEW B.G. LINE FROM ARARIA TO GALGALIA (THAKURGUNG) NEFR,NFR,N22000087,BIHAR,09/2006,03/2019,-,532.87,-,"1,145.97",0/0
2022-03,BIHTA-AURANGABAD (NL),ECR,N22000170,BIHAR,04/2008,-,-,326.20,-,2.88,0/0
2022-03,SAKRI-HASANPUR ROAD (NL),ECR,N22000171,BIHAR,04/1999,-,-,325.00,735.20,397.75,0/0
2022-03,CHHAPRA-MUZAFFARPUR (NL),ECR,N22000172,BIHAR,04/2006,-,-,378.56,-,386.78,0/0
2022-03,ARARIA-SUPAUL (NL),ECR,N22000177,BIHAR,04/2008,-,-,"1,605.17","1,605.17",168.12,0/0
2022-03,SAKRI-NIRMALI AND JHANJHARPUR- LAUKAHABAZAR AND SAHARSA-FORBESGANJ (GC),ECR,N22000180,BIHAR,04/2004,-,-,372.14,"1,470.50","1,567.66",0/0
2022-03,JAYNAGAR-BIJALPURA INCLUDING EXTENSION BIJALPURA-BARDIBAS(NEPAL) GC,ECR,N22000181,BIHAR,04/2009,03/2020,-,548.00,548.00,540.73,0/0
2022-03,SAMASTIPUR-DARBANGHA,ECR,N22000329,BIHAR,05/2015,-,-,380.00,519.33,323.04,0/0
2022-03,KIUL - GAYA DOUBLING PROJECT,ECR,N22000349,BIHAR,12/2015,03/2020,-,"1,200.20",-,"1,089.49",0/1
2022-03,RAMPUR DUMRA - TAL - RAJENDRAPUL DOUBLING INCLUDING GANGA BRIDGE,ECR,N22000350,BIHAR,12/2015,03/2020,-,"1,491.47",-,594.40,1/1
2022-03,SAGAULI VALMIKINAGAR DOUBLING 109.7 KM,ECR,N22000472,BIHAR,04/2016,03/2021,-,744.04,"1,215.54",613.65,0/0
2022-03,MUZAFFARPUR SAGAULI DOUBLING 100.60 KM,ECR,N22000473,BIHAR,04/2016,03/2021,-,731.64,"1,185.73",489.21,0/0
2022-03,FATUHA-ISLAMPUR INCL. MM FOR EXTENSION OF NEW LINE FORM BIHARSHARIF-BARBIGHA DANIYAWAN-BIHARSHARIF,ECR,N22000476,BIHAR,04/1991,-,-,329.39,"1,483.14","1,481.56",0/0
2022-03,KIRANDUL - JAGDALPUR DOUBLING,ECOR,N22000318,CHHATISGARH,12/2012,03/2020,03/2023,"1,160.00",-,"1,057.94",1/1
2022-03,FLAS RAIPUR - TITLAGARH - DOUBLING,RVNL,N22000411,CHHATISGARH,H,P,03/2020,"1,402.02",-,E,T
2022-03,JHARSUGUDA-BILASPUR 4TH LINE,SECR,N22000484,CHHATISGARH,04/2015,03/2021,12/2023,"1,973.00","2,135.34","1,226.23",0/1
2022-03,GEVRA ROAD PENDRA ROAD,IRCON,N22000488,CHHATISGARH,02/2014,03/2022,-,"2,288.00",-,"1,166.30",0/1
2022-03,KHARSIA DHARAMJAIGARH WITH SPUR LINE EAST CORRIDOR-PHASE I,IRCON,N22000489,CHHATISGARH,04/2013,09/2018,-,"3,055.00",-,"2,828.50",0/1
2022-03,CONSTRUCTION OF 3RD LINE BETWEEN PENDRA ROAD AND ANUPPUR (50.1 KM) IN BILASPUR DIVISION OF SEC RAILW,RITES,N22000498,CHHATISGARH,02/2016,03/2020,06/2022,393.98,-,371.86,1/2
2022-03,GRADE SEPERATOR AT DAYABASTI,NR,N22000269,DELHI,04/1999,-,-,156.65,-,118.38,0/0
2022-03,ANAND VIHAR-TILAK BRIDGE 3RD AND 4TH LINE,NR,N22000281,DELHI,04/2012,-,-,295.68,-,167.23,0/0
2022-03,AHMEDABAD-HIMMATNAGAR-UDAIPUR (WR),WR,N22000121,GUJARAT,04/2008,03/2020,-,829.74,-,"2,003.97",0/0
2022-03,BHUJ-NALIYA(GC) WITH EXTENSION FROM NALIYA TO VAYOR (WR),WR,N22000123,GUJARAT,04/2008,03/2012,-,318.24,-,126.35,0/0
2022-03,DHASA-JETALSAR (GC),RVNL,N22000141,GUJARAT,04/2012,03/2021,-,644.38,-,"1,023.63",0/0
2022-03,MIYAGAM-KARJAN-DABHOI-SAMLAYA (GC),WR,N22000142,GUJARAT,04/2011,-,-,844.10,-,294.10,0/0
2022-03,RAJKOT-VERAVAL WANSJALIA TO JATALSAR WITH NEW MM FOR SHAPUR-SARADIYA AND SOMNATH- KODINAR (GC),WR,N22000143,GUJARAT,04/1994,03/2019,-,320.66,-,558.66,0/0
2022-03,PALANPUR-SAMAKHAYALI (DL),RVNL,N22000144,GUJARAT,04/2013,12/2021,-,"1,548.66",-,"2,293.20",0/0
2022-03,VIRAMGAM-SAMAKHIALI (DL),WR,N22000145,GUJARAT,04/2011,03/2021,-,"1,037.15",-,"1,250.31",0/0
2022-03,SURENDRA NAGAR RAJKOT,WR,N22000392,GUJARAT,04/2015,03/2021,-,"1,002.39","1,016.39",808.35,0/0
2022-03,MULTI MODAL LOGISTICS PARK AT VARNAMA,CCOI,N22000428,GUJARAT,10/2013,03/2019,-,343.00,-,222.83,0/0
2022-03,VIRAR SURAT ROAD OVER BRIDGE IN LIEU OF LEVEL CROSSING NOS 60 64 66 68 69 71 74 75 77 81 AND 82 ALON,WR,N22000436,GUJARAT,03/2012,-,-,248.26,-,124.35,0/0
2022-03,ANAND GODHRA DOUBLING PROJECT 79 KMS,WR,N22000504,GUJARAT,04/2017,03/2020,-,692.25,-,2.26,0/0
2022-03,MEHSANA PALANPUR DOUBLING PROJECT 65.10 KMS,WR,N22000505,GUJARAT,04/2018,03/2024,-,537.31,-,.64,0/0
2022-03,ROHTAK-MEHAM HANSI,NR,N22000272,HARYANA,04/2012,12/2011,-,287.00,-,760.84,0/0
2022-03,BHANUPALI-BILASPUR BERI NL,RVNL,N22000273,HIMACHAL PRADESH,04/2008,12/2026,-,"2,966.99",-,"2,045.01",0/0
2022-03,UDHAMPUR-SRINAGAR-BARAMULLA (NL) NR,NR,220100133,JAMMU AND KASHMIR,03/1995,11/2002,04/2023,"2,500.00","27,949.00","27,916.12",0/0
2022-03,KODERMA-RANCHI VIA BARKAKANA (NL) ECR,ECR,220100222,JHARKHAND,03/1999,-,-,"1,033.07","3,020.95","3,715.99",0/0
2022-03,KODERMA-TILAIYA (NL) ECR,ECR,220100305,JHARKHAND,04/2002,-,-,459.91,"1,625.87","1,017.09",0/0
2022-03,FLAS BONDAMUNDA RANCHI DOUBLING,SER,N22000396,JHARKHAND,H,P,03/2021,"1,724.20",-,E,T
2022-03,LODHMA TO PISKA LINK LINE BY PASSING HATIA/RANCHI WITH Y CONNECTION (17.2 KM),SER,N22000508,JHARKHAND,04/2018,06/2022,-,428.65,-,1.62,0/0
2022-03,TALGARIA TO BOKARO N/CABIN DOUBLING(38 KM),SER,N22000509,JHARKHAND,04/2018,12/2021,-,390.39,-,171.59,0/0
2022-03,HUBLI-ANKOLA(NL) SWR,SWR,220100193,KARNATAKA,04/1997,-,-,"2,315.00",-,158.11,0/0
2022-03,BANGLORE - SATYAMANGALAM (NL)(SWR),SWR,220100274,KARNATAKA,04/1996,03/2002,-,"1,382.78",-,7.35,0/0
2022-03,TUMKUR-CHITRADURGA-DAVENGERE NL,SWR,N22000256,KARNATAKA,04/2011,-,-,"1,801.01",-,84.58,0/0
2022-03,BAGALKOT-KUDACHI NL,SWR,N22000258,KARNATAKA,04/2010,03/2016,-,986.30,-,326.02,1/1
2022-03,CHIKBALLA-PUR-PUTTTAPARTHY-SRI SATYA SAI NILAYAM NL,SWR,N22000276,KARNATAKA,04/2013,-,-,558.00,-,.00,0/0
2022-03,SHIMOGA-HARIHAR NL,SWR,N22000278,KARNATAKA,04/2011,03/2016,-,832.47,-,.94,0/0
2022-03,WHITE FIELD-KOLAR NL,SWR,N22000280,KARNATAKA,04/2011,-,-,348.85,-,.36,0/0
2022-03,HOSPET-HUBLI-LONDA-VASCODAGAMA DL,RVNL,N22000297,KARNATAKA,04/2010,03/2023,-,"2,127.00",-,"2,675.55",0/1
2022-03,GADAG-WADI NL,SWR,N22000299,KARNATAKA,04/2013,12/2018,-,"2,841.84",-,436.03,0/0
2022-03,CHIKBALLA-PUR-GOWRIBIDANUR NL,SWR,N22000300,KARNATAKA,04/2013,-,-,327.25,-,.00,0/0
2022-03,MARIKUPPAM - KUPPAM,SWR,N22000308,KARNATAKA,04/2012,03/2016,-,279.54,-,37.12,0/0
2022-03,HUBLI- CHIKJAJUR,SWR,N22000325,KARNATAKA,03/2015,03/2020,-,"1,156.94",-,"1,287.81",1/5
2022-03,ARSIKERE-TUMKUR,SWR,N22000332,KARNATAKA,03/2015,03/2020,02/2022,578.00,-,678.88,2/2
2022-03,KADUR CHIKMAGALUR SAKLESHPUR NEW LINE (93 KM),SWR,N22000486,KARNATAKA,03/1996,03/2017,-,644.78,-,495.36,0/0
2022-03,ANGAMALI-SABARIMALA (N.L.)(SR),SR,220100252,KERALA,10/1998,-,-,"1,566.00",-,264.53,0/0
2022-03,KUMBALAM-TURAVUR,SR,N22000191,KERALA,04/2011,-,-,252.96,709.69,256.71,0/0
2022-03,ERNAKULAM-KUMBALAM,SR,N22000204,KERALA,04/2010,-,-,189.24,-,268.76,0/0
2022-03,TRIVANDRUM-KANYAKUMARI DOUBLING,SR,N22000399,KERALA,02/2015,-,-,"1,431.90",-,962.31,0/0
2022-03,TURAVUR-AMBALAPUZHA DOUBLING,SR,N22000400,KERALA,02/2015,-,-,"1,000.00","1,281.63",.91,0/0
2022-03,PALAKKAD - SETTING UP OF RAIL COACH FACTORY,SR,N22000443,KERALA,02/2012,03/2016,-,550.00,-,.00,0/0
2022-03,RAMGANJMUNDI-BHOPAL (NL) WCR,WCR,220100314,MADHYA PRADESH,04/2001,03/2021,-,424.60,-,"1,499.99",4/15
2022-03,RATLAM-MHOW-KHANDWA-AKOLA (GC),WR,N22000120,MADHYA PRADESH,04/2008,03/2022,-,"3,503.69","5,839.02","2,404.99",0/0
2022-03,FLAS KATNI - SINGRAULI DOUBLING PROJECT,WCR,N22000351,MADHYA PRADESH,H,P,03/2020,"1,763.93","2,445.30",E,T
2022-03,BINA - KOTA DOUBLING WITH RE,RVNL,N22000414,MADHYA PRADESH,04/2011,12/2020,-,"1,485.85",-,"2,172.80",0/0
2022-03,KATNI-BINA 3RD LINE (263 KM),WCR,N22000415,MADHYA PRADESH,06/2016,03/2022,06/2023,"2,478.23","2,875.12","1,239.65",4/17
2022-03,KATNI GRADE SEPARATOR/BYE PASS,WCR,N22000416,MADHYA PRADESH,08/2016,03/2022,-,582.13,-,625.88,1/1
2022-03,CHHINDWARA NAINPUR MANDLA FORT GAUGE CONVERSION PROJECT,SECR,N22000438,MADHYA PRADESH,04/2010,02/2019,-,585.93,-,"1,272.06",0/1
2022-03,ANUPPUR-KATNI,SECR,N22000485,MADHYA PRADESH,04/2015,12/2021,12/2023,"1,370.00",-,"1,061.99",0/0
2022-03,INDORE-DEWAS-UJJAIN (80 KMS),WR,N22000493,MADHYA PRADESH,04/2016,06/2020,-,700.00,-,358.78,0/0
2022-03,NIMACH BADI SADRI NEW LINE PROJECT,WR,N22000503,MADHYA PRADESH,04/2017,03/2022,-,495.18,-,.63,0/0
2022-03,BELAPUR-SEAWOOD-URAN ELECTRIFIED DOUBLE LINE(MTP),MRTP,220100164,MAHARASHTRA,03/1996,03/2004,-,495.44,-,"1,897.69",0/0
2022-03,AHMEDNAGAR-PARLI VAIJNATH(NL) CR,CR,220100181,MAHARASHTRA,02/1997,03/2021,-,"2,271.50",-,"2,968.35",0/0
2022-03,MUMBAI URBAN TRANSPORT PROJECT PHASE-II,MRTP,N22000092,MAHARASHTRA,04/2008,03/2014,-,"5,300.00",-,284.75,0/0
2022-03,WARDHA-NANDED MAHARASHTRA,CR,N22000231,MAHARASHTRA,04/2008,03/2023,-,"3,168.29",-,"1,461.33",0/0
2022-03,KALYAN-KASARA 3RD LINE,CR,N22000233,MAHARASHTRA,04/2011,03/2021,-,792.89,-,449.25,0/0
2022-03,WARDHA-SEWAGRAM NGP 3RD LINE,CR,N22000250,MAHARASHTRA,04/2012,03/2022,-,540.02,-,360.43,0/0
2022-03,INDORE - MANMAD VIA MALEGAON (368 KM),CR,N22000353,MAHARASHTRA,02/2016,03/2024,-,"9,968.00",-,.00,0/0
2022-03,PUNE-NASIK (265 KM),CR,N22000354,MAHARASHTRA,02/2016,03/2024,-,"2,425.00",-,.00,0/0
2022-03,VAIBHAVWADI -KOLHAPUR (107 KM),CR,N22000355,MAHARASHTRA,02/2016,03/2024,-,"2,750.00",-,.00,0/0
2022-03,WARDHA-BALHARSHAH - 3RD LINE (132 KM),CR,N22000356,MAHARASHTRA,02/2015,03/2022,-,"1,272.19",-,561.51,0/0
2022-03,ITARSI-NAGPUR (BAL.) - 3RD LINE (267 KM),CR,N22000358,MAHARASHTRA,02/2015,03/2023,-,"2,449.91",-,569.43,0/0
2022-03,PUNE-MIRAJ-LONDA (467 KM),CR,N22000359,MAHARASHTRA,02/2015,03/2024,-,"3,627.47","3,627.00","1,954.49",0/0
2022-03,DAUND - MANMAD (236 KM),CR,N22000360,MAHARASHTRA,02/2016,03/2023,-,"1,876.00",-,712.03,0/0
2022-03,MANMAD - JALGAON - 3RD LINE (160 KM),CR,N22000361,MAHARASHTRA,02/2016,03/2022,-,"1,035.16",-,382.07,0/0
2022-03,WARDHA - NAGPUR - 4TH LINE (76 KM),CR,N22000362,MAHARASHTRA,02/2016,03/2023,-,637.95,-,265.45,0/0
2022-03,DAUND-GULBARGA - DOUBLING (224.9 KM) AND PUNE-GUNTAKAL -ELECTRIFICATION (641.37 KM),RVNL,N22000407,MAHARASHTRA,03/2009,03/2020,-,713.48,-,"2,269.34",0/0
2022-03,DIGHI PORT NEW LINE,RVNL,N22000408,MAHARASHTRA,04/2015,12/2025,-,723.78,-,.19,0/0
2022-03,FLAS RAJNANDGAON - NAGPUR - 3RD LINE (SECR),SECR,N22000420,MAHARASHTRA,H,P,03/2023,"1,908.51",-,E,T
2022-03,MUMBAI CENTRAL VIRAR VADODARA AHMEDABAAD TRAIN PROTECTION SYSTEM 500 RKM,WR,N22000434,MAHARASHTRA,03/2010,-,-,265.88,-,.00,0/0
2022-03,VIRAR SURAT ROAD OVER BRIDGE IN LIEU OF LEVEL CROSSING NOS 42 46A 48 52 55 102 106 108 130 AND 137 A,WR,N22000435,MAHARASHTRA,03/2012,-,-,217.38,-,172.63,0/0
2022-03,WADSA-GADHCHIROLI NEW LINE (52.36 KM),SECR,N22000480,MAHARASHTRA,06/2018,12/2021,-,229.00,-,88.40,0/1
2022-03,JIRIBAM TO IMPHAL (TUPUI)(NL)(NEFR),NFR,220100288,MANIPUR,04/2003,03/2011,-,"4,454.17",-,"12,354.97",0/0
2022-03,NEW BG LINE FROM BYRNIHAT TO SHILLONG,NFR,N22000205,MEGHALAYA,04/2010,03/2021,-,906.46,-,265.38,0/0
2022-03,BHAIRABI SAIRONG NL NEFR,NFR,N22000100,MIZORAM,04/2008,03/2014,-,"2,393.47",-,"4,951.34",0/0
2022-03,NANGALDAM-TALWARA(NL) NR,NR,220100188,MULTI STATE,03/1981,07/2012,-,450.00,-,883.53,0/0
2022-03,MUNEERABAD-MAHABOOBNAGAR(NL) SCR,SCR,220100205,MULTI STATE,04/1997,03/2000,-,"1,723.00",1.00,"2,102.79",0/0
2022-03,LALITPUR-SATNA-REWA-SINGRULI NL (NCR),WCR,220100232,MULTI STATE,09/1998,05/2008,-,247.66,-,"2,908.60",1/9
2022-03,CHHAPRA-BALLIA UP,NER,N22000134,MULTI STATE,03/2013,01/2019,-,295.00,-,628.61,0/0
2022-03,CHOTTAUDEPUR-DHAR(NL),WR,N22000138,MULTI STATE,04/2007,03/2022,-,"1,347.26",-,"1,010.81",0/0
2022-03,DAHOD-INDORE VIA SARDARPUR JHABUA AND DHAR (NL),WR,N22000139,MULTI STATE,04/2007,03/2022,-,"1,640.04",-,883.21,0/0
2022-03,GWALIOR-SEOPURKALA WITH EXTENSION TO KOTA (GC),NCR,N22000148,MULTI STATE,04/2011,03/2022,-,"2,912.96",-,604.61,0/5
2022-03,DHOLPUR-SIRMUTTRA WITH EXTENSION TO GANGAPURCITY AND MOHARI-TANTPUR AND TANPUR-BANSI PAHARPUR,NCR,N22000158,MULTI STATE,04/2010,-,03/2026,"2,030.50",746.83,22.01,0/0
2022-03,NEW BONGAIGAON-RANGIA-KAMAKGHYA DOUBLING,NFR,N22000183,MULTI STATE,04/2013,03/2019,-,"1,798.00",-,736.38,0/0
2022-03,KURUPPANTHARA-CHINGAVANAM,SR,N22000190,MULTI STATE,04/2007,-,03/2022,270.14,457.10,663.46,0/0
2022-03,NEW BG LINE FROM BALURGHAT TO HILLY NFR,NFR,N22000206,MULTI STATE,04/2010,03/2020,-,242.22,-,77.11,0/0
2022-03,NEW BG LINE FROM JAGBANI TO BIRATNAGAR,NFR,N22000207,MULTI STATE,04/2010,-,-,241.52,-,338.00,0/0
2022-03,MURKONGSELEK-PASIGHAT NL,NFR,N22000208,MULTI STATE,04/2011,03/2020,-,414.84,-,157.91,0/0
2022-03,MADURAI-TUTICORIN VIA ARUPPUKKOTTAI,SR,N22000215,MULTI STATE,04/2011,03/2019,-,120.70,-,317.81,0/0
2022-03,PIRPAINTI-JASIDIH,ER,N22000219,MULTI STATE,04/2013,03/2022,-,915.98,-,476.13,0/0
2022-03,BANDEL-BOINCHI 3RD LINE,ER,N22000221,MULTI STATE,04/2011,-,09/2021,288.35,-,534.74,0/0
2022-03,FLAS KALINARAYANPUR-KRISHNANAGAR DOUBLING ALONGWITH KRISHNANAGAR - CHAPRA NEW LINE AND NAIHATI-RANAGHAT 3,ER,N22000224,MULTI STATE,H,P,03/2016,923.52,-,E,T
2022-03,SONDALIA-CHAMPAPUKUR DOUBLING WITH NEW MM FOR BIRA-CHAKIA NL,ER,N22000228,MULTI STATE,04/2010,03/2016,-,277.28,-,205.15,0/0
2022-03,DANKUNI-CHANDANPUR 4TH LINE 1ST PHASE OF DANKUNI-SHAKTIGARH 4TH LINE WITH MM BARUIPARA FURFURA NL,ER,N22000229,MULTI STATE,04/2010,03/2017,-,365.17,-,516.76,0/0
2022-03,BOINCHI-SHAKTIGARH 3RD LINE,ER,N22000238,MULTI STATE,04/2011,-,-,175.80,-,338.05,0/0
2022-03,KAZIPET-VIJAYAWADA 3RD LINE WITH ELECTRIFICATION,SCR,N22000261,MULTI STATE,04/2012,03/2023,-,"1,856.95",-,842.30,0/0
2022-03,DEOBAND (MUZAFFARNAGAR)- ROORKEE NL,NR,N22000274,MULTI STATE,04/2007,-,-,336.91,-,689.83,0/0
2022-03,SRINIVASA-PURA-MADANAPALLI NL,SWR,N22000277,MULTI STATE,04/2013,-,-,296.00,-,.00,0/0
2022-03,RAYADURGA-TUMKUR NL,SWR,N22000279,MULTI STATE,04/2007,-,-,"2,062.30",-,"1,110.56",2/2
2022-03,BHADRACHALAM ROAD-SATTUPALLI,SCR,N22000287,MULTI STATE,04/2010,03/2020,-,704.31,-,713.38,1/1
2022-03,KADAPA-BANGALORE (NL) KADAPA-PENDLIMARRI PH-I,SCR,N22000288,MULTI STATE,04/2008,03/2014,-,"2,132.77",-,347.14,1/1
2022-03,MONIGRAM- NIMTITA,ER,N22000301,MULTI STATE,04/2012,-,-,250.93,-,423.40,0/0
2022-03,PHULERA - DIGANA DOUBLING,NWR,N22000326,MULTI STATE,05/2015,03/2020,-,600.00,-,406.71,0/0
2022-03,YELAHANKA-PENUKONDA,SWR,N22000328,MULTI STATE,05/2015,03/2020,-,860.43,-,"1,037.92",0/0
2022-03,HOTGI-KUDGI-GADAG,SWR,N22000333,MULTI STATE,03/2015,03/2019,-,"1,614.59",-,"1,559.79",0/0
2022-03,HAJIPUR - BACHAWARA,ECR,N22000334,MULTI STATE,05/2015,03/2019,-,678.54,678.54,998.74,0/38
2022-03,EASTERN DEDICATED FREIGHT CORRIDOR PROJECT,DFCC,N22000346,MULTI STATE,10/2006,-,06/2022,"11,589.00","28,181.00","35,951.00",0/0
2022-03,KAZIPET-BALHRSHA,SCR,N22000367,MULTI STATE,04/2015,03/2021,-,"2,063.03",-,"1,699.26",0/0
2022-03,MUMBAI AHMEDABAD HIGH SPEED RAIL PROJECT,NHSRCL,N22000463,MULTI STATE,12/2015,12/2023,-,"1,08,000.00",-,"24,513.84",0/2
2022-03,WESTERN DEDICATED FREIGHT CORRIDOR,DFCC,N22000464,MULTI STATE,11/2007,03/2020,06/2022,"16,592.00","72,785.00","47,476.00",0/0
2022-03,CHANDIGARH-BADDI,NR,N22000467,MULTI STATE,04/2007,03/2023,12/2025,328.14,-,480.97,0/0
2022-03,JALANDHAR-PATHANKOT-JAMMU TAWI,NR,N22000492,MULTI STATE,03/2002,03/2016,-,625.00,-,839.36,0/0
2022-03,NARAYANGARH TO BHADRAK 3RD LINE (155 KM),SER,N22000506,MULTI STATE,03/2019,05/2023,-,"1,866.31",-,374.84,0/0
2022-03,NEW LINE FROM DIMAPUR TO ZUBZA(KOHIMA) NATIONAL PROJECT (NEFR),NFR,N22000124,NAGALAND,04/2006,03/2015,-,"2,326.52",-,"1,600.84",0/0
2022-03,FLAS DIMAPUR-TIZIT NL,NFR,N22000196,NAGALAND,H,P,03/2020,"4,274.00",-,E,T
2022-03,KHURDA ROAD-BOLANGIR(NL)ECOR,ECOR,220100284,ODISHA,04/1994,03/2009,-,"2,923.13",-,"1,866.43",0/0
2022-03,SUKINDA ROAD - ANGUL (NL)(ECOR),RVNL,220100325,ODISHA,04/1998,02/2015,-,"1,202.70",-,"2,064.57",0/0
2022-03,KHURDA ROAD - BARANG 3RD LINE (DL) (ECOR),RVNL,220100327,ODISHA,04/2000,03/2009,03/2009,133.41,207.00,431.77,1/1
2022-03,TALCHER-BIMALAGARH(NL)(ECOR),ECOR,220100328,ODISHA,04/2005,06/2021,-,810.78,-,979.04,0/0
2022-03,SAMBALPUR-TALCHER DOUBLING,ECOR,N22000315,ODISHA,03/2011,02/2019,-,"1,111.99",-,"1,243.24",0/0
2022-03,BHADRAK - NERGUNDI 3RD LINE,ECOR,N22000316,ODISHA,03/2013,10/2020,-,843.04,-,354.97,0/0
2022-03,JAGADALPUR-KORAPUT DOUBLING,ECOR,N22000376,ODISHA,04/2015,03/2022,03/2023,"1,547.38","1,547.38",788.22,0/0
2022-03,KORAPUT - SINGAPUR ROAD DOUBLING,ECOR,N22000379,ODISHA,04/2015,03/2022,03/2026,"2,361.74","2,361.74",603.09,0/0
2022-03,JARAPADA - BUDHAPANK WITH FLY OVER AT TALCHER ROAD 3RD AND 4TH LINE,ECOR,N22000380,ODISHA,04/2015,11/2018,-,701.61,-,209.78,0/0
2022-03,BUDHAPANK - SALEGAON VIA RAJATGARH 3RD AND 4TH LINE.,ECOR,N22000381,ODISHA,04/2015,12/2018,-,"1,172.92",-,774.93,0/0
2022-03,ROURKELA JHARSUGUDA THIRD LINE 101 KM,SER,N22000395,ODISHA,11/2015,03/2020,-,969.83,-,"1,163.07",0/0
2022-03,VIZIANAGARAM -SAMABALPUR 3RD LINE,RVNL,N22000409,ODISHA,01/1991,12/2024,-,"2,335.67",-,"2,288.48",0/0
2022-03,SAMBALPUR - TITLAGARH - DOUBLING,RVNL,N22000410,ODISHA,03/2006,03/2020,-,948.04,-,"2,250.12",0/0
2022-03,BANASPANI- JAKHPURA - DOUBLING,RVNL,N22000412,ODISHA,03/2009,03/2019,-,942.95,-,"1,354.74",0/0
2022-03,MANSA-BHATINDA (PHASE-I) INCL. NEW MATERIAL MODIFICATION FOR RAMA MANDI (RAMAN) - SADA SINGHWALA VI,NR,N22000502,PUNJAB,06/2009,08/2016,-,404.00,-,190.00,0/0
2022-03,DAUSA-GANGAPUR CITY(NL) NWR,NWR,220100184,RAJASTHAN,02/1997,02/2019,-,410.08,-,786.51,0/0
2022-03,PUSHKAR-MERTA,NWR,N22000151,RAJASTHAN,04/2013,-,-,323.00,-,.00,0/0
2022-03,JODHPUR (RAI KA BAGH) - DEGANA DOUBLING (145 KM),NWR,N22000466,RAJASTHAN,08/2018,08/2022,-,808.85,-,520.79,0/0
2022-03,SEVOK RANGPO NEFR,NFR,N22000102,SIKKIM,04/2008,12/2015,-,"1,339.48",-,"2,504.91",0/0
2022-03,TIRUCHIRAPPALI-NAGORE-KARAIKKAL(SR)(GC),SR,220100262,TAMIL NADU,09/1995,03/2020,-,303.98,-,715.89,0/0
2022-03,EXTENSION OF MRTS FROM VELACHERY TO STN. THOMAS MTP,MRTP,N22000028,TAMIL NADU,04/2006,06/2013,-,495.74,-,539.14,1/4
2022-03,MAYLADUTHURAI-THIRUVARUR-KARAIKUDI-THIRU 'PONDI'-AGASTIYAMPALLI,SR,N22000079,TAMIL NADU,09/2007,02/2019,-,724.69,-,"1,736.85",0/0
2022-03,TIDIVANAM-NAGARI (NL),SR,N22000085,TAMIL NADU,09/2006,-,-,582.83,-,282.01,0/0
2022-03,FLAS SRIPERUMBUDUR-GUDUVANCHERY WITH SPUR TO IRUNGATTUKKOTTAI-AVADI-SRIPERUMBUDUR,SR,N22000186,TAMIL NADU,H,P,-,839.00,-,E,T
2022-03,MADURAI-BODINAYAKKANUR,SR,N22000201,TAMIL NADU,04/2008,-,-,164.41,-,445.60,0/0
2022-03,MANIYACHI - NAGERCOIL (102 KM) DOUBLING,RVNL,N22000449,TAMIL NADU,02/2015,03/2022,-,"1,700.00",-,"1,188.12",0/0
2022-03,MADURAI - MANIYACHI - TUTICORIN (160 KM) DOUBLING,RVNL,N22000451,TAMIL NADU,02/2015,03/2020,-,760.00,-,"1,598.44",0/0
2022-03,MANOHARABAD-KOTHPALL NEW LINE(SCR),SCR,N22000032,TELANGANA,04/2006,03/2010,-,"1,160.48",-,696.95,1/1
2022-03,MULTI MODAL TRANSPORT SYSTEM(MMTS) PHASE- II HYDERABAD,RVNL,N22000213,TELANGANA,04/2012,03/2016,-,632.68,-,621.56,0/0
2022-03,MANUGURU-RAMAGUNDAM,SCR,N22000259,TELANGANA,04/2013,-,-,"1,112.00",-,.92,1/1
2022-03,DOUBLING OF TRACK BETWEEN GOOTY AND DHARMAVARAM OF SOUTH CENTRAL RAILWAY,RITES,N22000394,TELANGANA,03/2015,03/2021,12/2022,636.38,957.93,859.73,3/3
2022-03,SECUNDERABAD-MAHABUBNAGAR DOUBLING,RVNL,N22000403,TELANGANA,04/2015,12/2024,-,773.94,-,"1,266.45",0/0
2022-03,MANMAD-PARBHANI-NANDED-SECUNDERABAD- GADWAL-DHONE- GUNTAKAL - TRAIN COLLISION AVOIDANCE SYSTEM (958 K,SCR,N22000432,TELANGANA,04/2017,03/2022,09/2022,119.73,185.00,108.47,0/0
2022-03,AGARTALA-AKHAURA NL,NFR,N22000195,TRIPURA,04/2012,03/2020,06/2022,569.63,-,607.81,2/3
2022-03,ANANDNAGAR GHUGHALI VIA MAHRAJGANJ UP,NER,N22000130,UTTAR PRADESH,03/2013,-,-,307.00,-,.00,0/0
2022-03,KAPILVASTU-BASTI VIA BANSI SIDHARTHNAGAR BASTI NAUGARH UP,NER,N22000136,UTTAR PRADESH,03/2013,-,-,643.00,-,.00,0/0
2022-03,ROSA-SITAPUR CANTT-BURHWAL DOUBLING,NER,N22000347,UTTAR PRADESH,03/2015,03/2022,-,"1,295.42",-,"1,597.91",0/0
2022-03,VARANASI-MODHOSINGH-ALLAHABAD DOUBLING,RVNL,N22000401,UTTAR PRADESH,04/2015,03/2022,-,943.60,-,"1,042.79",0/0
2022-03,LUCKNOW- PILIBHIT VIA SITAPUR LAKHIMPUR GC,RVNL,N22000404,UTTAR PRADESH,04/2011,03/2019,-,927.01,-,"1,381.01",0/0
2022-03,MAU-GHAZIPUR-TARIGHAT NEW LINE,RVNL,N22000405,UTTAR PRADESH,04/2015,03/2023,-,"1,765.92",-,"1,170.47",0/0
2022-03,BHIMSEN - JHANSI DOUBLING WITH ELECTRIFICATION,RVNL,N22000413,UTTAR PRADESH,03/2012,12/2020,-,"1,183.25",-,"1,935.01",0/0
2022-03,RAMNA - SINGRAULI DOUBLING,ECR,N22000417,UTTAR PRADESH,08/2015,03/2020,-,"2,436.21",-,"1,679.42",0/0
2022-03,KARAILA ROAD - SHAKTINAGAR DOUBLING,ECR,N22000419,UTTAR PRADESH,08/2015,03/2019,-,528.57,-,363.60,0/0
2022-03,INDARA - DOHRIGHAT GAUGE CONVERSION.,NER,N22000456,UTTAR PRADESH,04/2016,04/2016,-,213.00,-,105.57,0/0
2022-03,BAHRAICH - MAILANI GAUGE CONVERSION INCLUDING BY-PASS AT MAILANI.,NER,N22000457,UTTAR PRADESH,04/2016,01/2022,-,"1,900.00",-,.00,0/0
2022-03,NANPARA - NEPALGANJ GAUGE CONVERSION.,NER,N22000459,UTTAR PRADESH,04/2017,04/2017,-,150.00,-,.00,0/0
2022-03,FLAS PADRAUNA - KUSHINAGAR VIA GORAKHPUR - NEW LINE,NER,N22000460,UTTAR PRADESH,H,P,01/2018,"1,343.00",-,E,T
2022-03,ETAH - KASGANJ - NEW LINE,NER,N22000462,UTTAR PRADESH,04/2017,04/2017,-,276.90,-,.00,0/0
2022-03,BURHWAL - GONDA - 3RD RUNNING LINE.,NER,N22000468,UTTAR PRADESH,04/2016,-,-,602.50,-,168.68,0/0
2022-03,AUNRIHAR - JAUNPUR PATCH DOUBLING .,NER,N22000469,UTTAR PRADESH,04/2016,01/2022,-,600.00,-,365.32,0/0
2022-03,SHAHGANJ-BHATNI-PHEPHNA-INDARA MAU- SHAHGANJ (EXCL. MAU-INDARA) PATCH DOUBLING.,NER,N22000470,UTTAR PRADESH,04/2016,12/2019,-,"1,177.96",-,496.39,0/0
2022-03,JHANSI MANIKPUR AND KHAIRAR BHIMSEN DOUBLING,NCR,N22000495,UTTAR PRADESH,03/2018,03/2023,-,"4,329.53",-,90.74,0/0
2022-03,JHANSI BINA DOUBLING,NCR,N22000496,UTTAR PRADESH,09/2016,03/2021,-,"2,001.00","2,001.00","1,115.55",1/6
2022-03,MATHURA-JHANSI-3RD LINE (273.80 KM),RVNL,N22000501,UTTAR PRADESH,06/2016,12/2023,-,"3,677.76",-,"2,743.60",0/0
2022-03,RISHIKESH - KARNAPRAYAG NEW LINE,RVNL,N22000406,UTTARAKHAND,04/2011,12/2024,-,"16,216.00",-,"7,161.09",0/0
2022-03,TARAKESWAR - BISHNUPUR NEW BG LINE (NL) ER,ER,220100272,WEST BENGAL,04/2000,03/2019,12/2009,"1,188.91",-,913.07,0/0
2022-03,NEW WORK FOR CONSTRUCTION OF METRO RAILWAY FROM NOAPARA-BARASAI VIA BIMANBANDER (MTP),KOMRCL,N22000108,WEST BENGAL,04/2010,03/2016,-,"2,397.72",-,197.20,0/0
2022-03,NEW WORK FOR CONSTRUCTION OF METRO RAILWAY FROM BARANAGAR TO BARRACKPORE AND DAKSHINESHWAR (MTP),RVNL,N22000109,WEST BENGAL,04/2010,03/2014,-,"2,298.42",-,40.46,0/0
2022-03,NEW WORK FOR CONSTRUCTION OF METRO RAILWAY FROM NSCB AIRPORT TO NEW GARIA VIA RAJARHAT (MTP),RVNL,N22000110,WEST BENGAL,04/2010,03/2016,-,"3,951.98",-,"3,280.40",0/0
2022-03,NEW WORK FOR CONSTRUCTION OF METRO RAILWAY FROM JOKA TO BINOY BADAL DINESH BAGH.,RVNL,N22000111,WEST BENGAL,04/2010,03/2016,-,"2,913.51",-,"1,651.73",0/0
2022-03,EAST WEST METRO CORRIDOR FROM HOWRAH MAIDAN TO SALT LAKE,MRTP,N22000135,WEST BENGAL,03/2013,03/2016,-,"4,874.58",-,"5,892.72",0/0
2022-03,CIRCULAR RAILWAY INCLUDING REMOUNT ROAD TO SANTOSHPUR,MRTP,N22000212,WEST BENGAL,04/2009,-,-,573.78,-,.03,0/0
2022-03,BAZAR SAU -AZIMGANJ JN. DOUBLING,ER,N22000302,WEST BENGAL,04/2012,-,-,255.64,-,317.05,0/0
2022-03,PURULIA TO KOTSHILA DOUBLING (39.1 KM),SER,N22000510,WEST BENGAL,04/2018,06/2022,-,338.00,-,24.67,0/0
2022-03,CENTRE FOR DISABILITY SPORTS,CPWD,N38000001,MADHYA PRADESH,02/2019,03/2024,-,170.99,-,73.80,1/5
2022-03,CONSTRUCTION OF PERMANENT CAMPUS FOR INDIAN INSTITUTE OF TECHNOLOGY TIRUPATI AT MERLAPAKA VILLAGE YE,CPWD EDUCATION,N42000005,ANDHRA PRADESH,02/2019,06/2020,-,655.34,-,475.85,0/110
2022-03,CONSTRUCTION OF PERMANENT CAMPUS FOR IISER AT JANGALAPALLI VILLAGE YERPEDU MANDAL CHITTOOR DISTRIC,CPWD EDUCATION,N42000007,ANDHRA PRADESH,09/2019,09/2022,-,588.72,-,213.37,3/9
2022-03,CONSTRUCTION OF ACADEMIC AND RESIDENTIAL COMPLEX UNDER PHASE-II FOR THE CAMPUS OF IIT PATNA,CPWD EDUCATION,N28000100,BIHAR,02/2016,06/2017,-,496.18,496.00,329.74,3/6
2022-03,PERMANENT CAMPUS FOR IIM BODH GAYA,CPWD EDUCATION,N42000009,BIHAR,09/2018,09/2020,-,375.00,-,135.38,3/7
2022-03,C/O PERMANENT CAMPUS OF IIT BHILAI AT KUTHELABHATA DURG CHHATTISGARH STAGE I PHASE I.,CPWD EDUCATION,N28000141,CHHATISGARH,03/2020,07/2022,-,808.62,-,340.18,0/0
2022-03,CONSTRUCTION OF PERMANENT CAMPUS FOR NATIONAL INSTITUTE OF TECHNOLOGY GOA AT CUNCOLIM GOA.,CPWD EDUCATION,N42000002,GOA,05/2019,03/2020,-,303.90,-,91.00,3/8
2022-03,DIFFERENT BUILDINGS UNDER PHASE 1 NORTH FOR IIT MANDI AT KAMAND,CPWD EDUCATION,N28000065,HIMACHAL PRADESH,11/2012,11/2014,11/2021,270.83,-,243.03,8/8
2022-03,ESTABLISHMENT OF PERMANENT CAMPUS PHASE 1 OF IIM SIRMAUR,CPWD EDUCATION,N42000008,HIMACHAL PRADESH,09/2018,06/2022,10/2022,392.51,-,85.88,0/2
2022-03,CONSTRUCTION OF PERMANENT CAMPUS OF IIM JAMMU (PHASE 1),CPWD EDUCATION,N28000130,JAMMU AND KASHMIR,03/2019,07/2022,10/2022,424.93,-,157.95,0/14
2022-03,CONSTRUCTION OF PERMANENT CAMPUS IIT JAMMU (PHASE 1C),CPWD EDUCATION,N28000131,JAMMU AND KASHMIR,01/2018,04/2023,04/2023,676.00,676.00,79.81,0/1
2022-03,2000 BOYS HOSTEL(1000 DOUBLE BEDDED ROOM) AT ISM DHANBAD,CPWD EDUCATION,N28000067,JHARKHAND,09/2012,03/2016,03/2022,171.86,171.86,144.27,4/6
2022-03,CONSTRUCTION OF PERMANENT CAMPUS FOR INDIAN INSTITUTE OF TECHNOLOGY DHARWAD (PHASE 1A),CPWD EDUCATION,N42000006,KARNATAKA,07/2019,03/2022,10/2022,851.00,851.00,381.76,0/12
2022-03,C/O ADDITIONAL INFRASTRUCTURE AT IISC BANGALORE.SH- RCC MONOLITHIC FOR MEN HOSTEL(S 14) WOMEN HOST,CPWD,N42000010,KARNATAKA,08/2021,02/2024,-,316.25,-,.00,0/0
2022-03,CONSTRUCTION OF MEGA HOSTEL II FOR NIT CALICUT KERALA,CPWD EDUCATION,N28000075,KERALA,01/2010,10/2012,-,165.23,-,118.52,7/8
2022-03,C/O PERMANENT CAMPUS OF IIT PALAKKAD PHASE IA AT PUDESSERY VILLAGE KANJIKODE WEST DISTRICT PALAKKA,CPWD EDUCATION,N28000140,KERALA,07/2019,03/2021,-,753.63,-,245.13,2/11
2022-03,FLAS CONSTRUCTION OF IITB RESEARCH PARK AT IIT BOMBAY POWAI MUMBAI,CPWD EDUCATION,N28000117,MAHARASHTRA,H,P,07/2020,223.37,-,E,T
2022-03,CONSTRUCTION AND DEVELOPMENT OF NATINAL INSTITUTE OF TECHNOLOGY MEGHALAYA PERMANENT CAMPUS AT SOHRA,RITES OF HIGHER,N42000001,MEGHALAYA,09/2013,09/2014,12/2022,484.32,429.70,235.75,0/0
2022-03,INDIAN INSTITUTE OF SCIENCE EDUCATION AND RESEARCH BERHAMPUR,CPWD EDUCATION,N28000126,ODISHA,01/2019,03/2022,-,790.79,-,335.68,1/5
2022-03,CONSTRUCTION OF VARIOUS BUILDINGS UNDER PHASE 1C AT IIT ROPAR PUNJAB,CPWD EDUCATION,N28000120,PUNJAB,01/2018,05/2020,-,430.00,-,244.01,3/5
2022-03,CONSTRUCTION OF PERMANENT CAMPUS OF INDIAN INSTITUTE OF MANAGEMENT (IIM) AMRITSAR PUNJAB.,CPWD EDUCATION,N28000142,PUNJAB,10/2019,05/2022,-,348.24,-,49.70,1/8
2022-03,CONSTRUCTION OF TWO NOS GIRLS HOSTELS AND ONE NO BOYS HOSTEL OF 500 CAPACITY EACH G PLUS 8 STOREYED,CPWD EDUCATION,N28000146,WEST BENGAL,03/2020,06/2020,-,193.83,-,77.27,0/14
2022-03,ESTABLISHMENT OF CENTRAL ARMED POLICE FORCE INSTITUTE OF MEDICAL SCIENCES(CAPFIMS) AT NEW DELHI,CPWD FOR MHA,N28000071,DELHI,10/2013,10/2019,-,"1,219.21",-,"1,122.79",1/7
2022-03,CONSTRUCTION OF HEADQUARTER BUILDING OF CRPF AT LODHI ROAD NEW DELHI,CPWD FOR MHA,N45000002,DELHI,06/2019,07/2022,-,277.35,-,54.54,2/6
2022-03,C/O SEPARATE FAMILY ACCOMMODATION (PHASE-I) WHICH INCLUDES C/O 440 NOS. RESIDENTIAL QTRS. I.E. TYPE-,CPWD FOR MHA,N28000147,HARYANA,01/2020,10/2023,04/2024,166.98,166.98,17.35,0/12
2022-03,CONSTRUCTION OF 683 VARIOUS TYPE FAMILY QUARTERS AT GROUP CENTRE CRPF CHANDAULI,CPWD FOR MHA,N45000003,UTTAR PRADESH,05/2019,01/2022,12/2022,199.31,-,86.49,0/0
2022-03,NSG AT KOLKATA,CPWD FOR MHA,N28000104,WEST BENGAL,10/2014,04/2018,-,162.88,-,176.15,6/7
2022-03,INDIA INTERNATIONAL CONVENTION AND EXPO CENTRE,IICC FOR DPIIT,N40000002,DELHI,11/2017,12/2019,-,"4,773.00",-,"3,080.33",0/0
2022-03,DELHI MUMBAI INDUSTRIAL CORRIDOR,DMIC FOR DPIIT,N40000001,MULTI STATE,09/2011,09/2019,-,"12,579.09",-,"9,574.07",0/0
2022-03,FLAS CONSTRUCTION OF INTERNATIONAL CENTRE FOR PERFORMING ARTS AND CULTURE SHILONG IN MEGALAYA UNDER NLCPR,HSCL FOR DONER,N12000103,MEGHALAYA,H,P,09/2017,151.33,-,E,T
2022-03,CONSTRUCTION OF ATAL AKSHAY URJA BHAWAN CGO COMPLEX LODHI ROAD NEW DELHI,CPWD R ENERGY,N28000118,DELHI,10/2017,11/2019,-,271.90,-,282.96,0/0
